Jornada,Data,Dia_Semana,Casa,Fora,Assistencia,Capacidade,Pct_Lotacao
1,2022-08-05,Fri,Benfica,Arouca,53617.0,65647,81.7%
1,2022-08-06,Sat,Rio Ave,Vizela,3038.0,12815,23.7%
1,2022-08-06,Sat,Estoril,Famalicao,1473.0,8015,18.4%
1,2022-08-06,Sat,FC Porto,Maritimo,46309.0,50399,91.9%
1,2022-08-07,Sun,Santa Clara,Casa Pia AC,1785.0,13277,13.4%
1,2022-08-07,Sun,Braga,Sporting CP,17714.0,30286,58.5%
1,2022-08-07,Sun,Chaves,Vitoria de Guimaraes,7526.0,12000,62.7%
1,2022-08-07,Sun,Portimonense,Boavista,2590.0,9544,27.1%
1,2022-08-08,Mon,Gil Vicente,Pacos de Ferreira,4871.0,12046,40.4%
2,2022-08-12,Fri,Famalicao,Braga,4637.0,8000,58.0%
2,2022-08-13,Sat,Casa Pia AC,Benfica,22253.0,23888,93.2%
2,2022-08-13,Sat,Sporting CP,Rio Ave,31760.0,50466,62.9%
2,2022-08-14,Sun,Boavista,Santa Clara,5520.0,28263,19.5%
2,2022-08-14,Sun,Vizela,FC Porto,4679.0,6565,71.3%
2,2022-08-14,Sun,Vitoria de Guimaraes,Estoril,15652.0,30165,51.9%
2,2022-08-15,Mon,Maritimo,Chaves,6827.0,10932,62.4%
2,2022-08-15,Mon,Arouca,Gil Vicente,1759.0,7000,25.1%
2,2022-08-15,Mon,Pacos de Ferreira,Portimonense,2661.0,9146,29.1%
3,2022-08-19,Fri,Estoril,Rio Ave,1742.0,8015,21.7%
3,2022-08-20,Sat,Santa Clara,Arouca,1172.0,13277,8.8%
3,2022-08-20,Sat,Chaves,Vizela,5489.0,12000,45.7%
3,2022-08-20,Sat,FC Porto,Sporting CP,49430.0,50399,98.1%
3,2022-08-21,Sun,Casa Pia AC,Boavista,1136.0,38000,3.0%
3,2022-08-21,Sun,Braga,Maritimo,12358.0,30286,40.8%
3,2022-08-21,Sun,Portimonense,Vitoria de Guimaraes,3032.0,9544,31.8%
3,2022-08-22,Mon,Gil Vicente,Famalicao,4245.0,12046,35.2%
4,2022-08-26,Fri,Pacos de Ferreira,Estoril,2469.0,9146,27.0%
4,2022-08-27,Sat,Maritimo,Portimonense,4785.0,10932,43.8%
4,2022-08-27,Sat,Boavista,Benfica,10939.0,28263,38.7%
4,2022-08-27,Sat,Sporting CP,Chaves,31408.0,50466,62.2%
4,2022-08-28,Sun,Famalicao,Santa Clara,3636.0,8000,45.5%
4,2022-08-28,Sun,Arouca,Braga,2348.0,7000,33.5%
4,2022-08-28,Sun,Rio Ave,FC Porto,3980.0,12815,31.1%
4,2022-08-29,Mon,Vitoria de Guimaraes,Casa Pia AC,14231.0,30165,47.2%
4,2022-08-29,Mon,Vizela,Gil Vicente,2824.0,6565,43.0%
3,2022-08-30,Tue,Benfica,Pacos de Ferreira,55151.0,65647,84.0%
5,2022-09-02,Fri,Benfica,Vizela,47958.0,65647,73.1%
5,2022-09-02,Fri,Estoril,Sporting CP,4718.0,8015,58.9%
5,2022-09-03,Sat,Braga,Vitoria de Guimaraes,21736.0,30286,71.8%
5,2022-09-03,Sat,Gil Vicente,FC Porto,8458.0,12046,70.2%
5,2022-09-04,Sun,Casa Pia AC,Arouca,1022.0,38000,2.7%
5,2022-09-04,Sun,Santa Clara,Maritimo,1012.0,13277,7.6%
5,2022-09-04,Sun,Portimonense,Famalicao,1840.0,9544,19.3%
5,2022-09-05,Mon,Boavista,Pacos de Ferreira,4831.0,28263,17.1%
5,2022-09-05,Mon,Chaves,Rio Ave,2987.0,12000,24.9%
6,2022-09-09,Fri,Vitoria de Guimaraes,Santa Clara,12132.0,30165,40.2%
6,2022-09-10,Sat,Famalicao,Benfica,4867.0,8000,60.8%
6,2022-09-10,Sat,Sporting CP,Portimonense,29782.0,50466,59.0%
6,2022-09-10,Sat,FC Porto,Chaves,44109.0,50399,87.5%
6,2022-09-11,Sun,Pacos de Ferreira,Casa Pia AC,4112.0,9146,45.0%
6,2022-09-11,Sun,Arouca,Boavista,1395.0,7000,19.9%
6,2022-09-11,Sun,Maritimo,Gil Vicente,5032.0,10932,46.0%
6,2022-09-11,Sun,Rio Ave,Braga,3071.0,12815,24.0%
6,2022-09-12,Mon,Vizela,Estoril,2335.0,6565,35.6%
7,2022-09-16,Fri,Portimonense,Chaves,1411.0,9544,14.8%
7,2022-09-17,Sat,Gil Vicente,Rio Ave,2856.0,12046,23.7%
7,2022-09-17,Sat,Santa Clara,Pacos de Ferreira,2123.0,13277,16.0%
7,2022-09-17,Sat,Estoril,FC Porto,4438.0,8015,55.4%
7,2022-09-17,Sat,Boavista,Sporting CP,8480.0,28263,30.0%
7,2022-09-18,Sun,Arouca,Vitoria de Guimaraes,2376.0,7000,33.9%
7,2022-09-18,Sun,Benfica,Maritimo,56889.0,65647,86.7%
7,2022-09-18,Sun,Casa Pia AC,Famalicao,917.0,38000,2.4%
7,2022-09-18,Sun,Braga,Vizela,14181.0,30286,46.8%
8,2022-09-30,Fri,Sporting CP,Gil Vicente,27829.0,50466,55.1%
8,2022-09-30,Fri,FC Porto,Braga,44830.0,50399,89.0%
8,2022-10-01,Sat,Vizela,Portimonense,2435.0,6565,37.1%
8,2022-10-01,Sat,Chaves,Estoril,3345.0,12000,27.9%
8,2022-10-01,Sat,Vitoria de Guimaraes,Benfica,19231.0,30165,63.8%
8,2022-10-02,Sun,Rio Ave,Santa Clara,1984.0,12815,15.5%
8,2022-10-02,Sun,Pacos de Ferreira,Arouca,4431.0,9146,48.4%
8,2022-10-02,Sun,Famalicao,Boavista,3783.0,8000,47.3%
8,2022-10-03,Mon,Maritimo,Casa Pia AC,4484.0,10932,41.0%
9,2022-10-07,Fri,Gil Vicente,Estoril,2516.0,12046,20.9%
9,2022-10-08,Sat,Santa Clara,Sporting CP,4447.0,13277,33.5%
9,2022-10-08,Sat,Benfica,Rio Ave,56176.0,65647,85.6%
9,2022-10-08,Sat,Portimonense,FC Porto,3969.0,9544,41.6%
9,2022-10-08,Sat,Pacos de Ferreira,Vitoria de Guimaraes,5346.0,9146,58.5%
9,2022-10-09,Sun,Boavista,Maritimo,11295.0,28263,40.0%
9,2022-10-09,Sun,Casa Pia AC,Vizela,2912.0,38000,7.7%
9,2022-10-09,Sun,Braga,Chaves,12494.0,30286,41.3%
9,2022-10-10,Mon,Arouca,Famalicao,1018.0,7000,14.5%
10,2022-10-21,Fri,FC Porto,Benfica,49500.0,50399,98.2%
10,2022-10-22,Sat,Famalicao,Pacos de Ferreira,2380.0,8000,29.8%
10,2022-10-22,Sat,Estoril,Braga,2674.0,8015,33.4%
10,2022-10-22,Sat,Sporting CP,Casa Pia AC,26679.0,50466,52.9%
10,2022-10-23,Sun,Maritimo,Arouca,9072.0,10932,83.0%
10,2022-10-23,Sun,Vizela,Santa Clara,2007.0,6565,30.6%
10,2022-10-23,Sun,Chaves,Gil Vicente,2794.0,12000,23.3%
10,2022-10-23,Sun,Vitoria de Guimaraes,Boavista,11359.0,30165,37.7%
10,2022-10-24,Mon,Rio Ave,Portimonense,1693.0,12815,13.2%
11,2022-10-28,Fri,Pacos de Ferreira,Maritimo,3067.0,9146,33.5%
11,2022-10-29,Sat,Santa Clara,FC Porto,5692.0,13277,42.9%
11,2022-10-29,Sat,Benfica,Chaves,54990.0,65647,83.8%
11,2022-10-29,Sat,Arouca,Sporting CP,2364.0,7000,33.8%
11,2022-10-30,Sun,Boavista,Vizela,5764.0,28263,20.4%
11,2022-10-30,Sun,Portimonense,Estoril,1304.0,9544,13.7%
11,2022-10-30,Sun,Casa Pia AC,Rio Ave,1859.0,38000,4.9%
11,2022-10-30,Sun,Gil Vicente,Braga,5627.0,12046,46.7%
11,2022-10-31,Mon,Vitoria de Guimaraes,Famalicao,14968.0,30165,49.6%
12,2022-11-04,Fri,Gil Vicente,Portimonense,2235.0,12046,18.6%
12,2022-11-05,Sat,Vizela,Arouca,2722.0,6565,41.5%
12,2022-11-05,Sat,FC Porto,Pacos de Ferreira,41730.0,50399,82.8%
12,2022-11-05,Sat,Sporting CP,Vitoria de Guimaraes,27324.0,50466,54.1%
12,2022-11-06,Sun,Rio Ave,Boavista,2546.0,12815,19.9%
12,2022-11-06,Sun,Braga,Casa Pia AC,13004.0,30286,42.9%
12,2022-11-06,Sun,Maritimo,Famalicao,9438.0,10932,86.3%
12,2022-11-06,Sun,Estoril,Benfica,4858.0,8015,60.6%
12,2022-11-07,Mon,Chaves,Santa Clara,2224.0,12000,18.5%
13,2022-11-12,Sat,Arouca,Rio Ave,1210.0,7000,17.3%
13,2022-11-12,Sat,Boavista,FC Porto,11335.0,28263,40.1%
13,2022-11-13,Sun,Pacos de Ferreira,Vizela,5182.0,9146,56.7%
13,2022-11-13,Sun,Vitoria de Guimaraes,Maritimo,14920.0,30165,49.5%
13,2022-11-13,Sun,Benfica,Gil Vicente,57266.0,65647,87.2%
13,2022-11-13,Sun,Casa Pia AC,Chaves,1035.0,38000,2.7%
13,2022-11-13,Sun,Portimonense,Braga,1290.0,9544,13.5%
13,2022-11-13,Sun,Famalicao,Sporting CP,3937.0,8000,49.2%
13,2022-11-14,Mon,Santa Clara,Estoril,747.0,13277,5.6%
14,2022-12-23,Fri,Rio Ave,Maritimo,1492.0,12815,11.6%
14,2022-12-28,Wed,Portimonense,Casa Pia AC,1002.0,9544,10.5%
14,2022-12-28,Wed,FC Porto,Arouca,45725.0,50399,90.7%
14,2022-12-29,Thu,Gil Vicente,Santa Clara,2839.0,12046,23.6%
14,2022-12-29,Thu,Sporting CP,Pacos de Ferreira,31005.0,50466,61.4%
14,2022-12-30,Fri,Chaves,Famalicao,2304.0,12000,19.2%
14,2022-12-30,Fri,Vizela,Vitoria de Guimaraes,3820.0,6565,58.2%
14,2022-12-30,Fri,Braga,Benfica,19398.0,30286,64.0%
15,2023-01-05,Thu,Santa Clara,Braga,1591.0,13277,12.0%
15,2023-01-06,Fri,Benfica,Portimonense,50559.0,65647,77.0%
15,2023-01-06,Fri,Famalicao,Vizela,3334.0,8000,41.7%
15,2023-01-07,Sat,Arouca,Estoril,764.0,7000,10.9%
15,2023-01-07,Sat,Vitoria de Guimaraes,Rio Ave,9200.0,30165,30.5%
15,2023-01-07,Sat,Casa Pia AC,FC Porto,8107.0,38000,21.3%
15,2023-01-08,Sun,Pacos de Ferreira,Chaves,2466.0,9146,27.0%
15,2023-01-08,Sun,Maritimo,Sporting CP,9510.0,10932,87.0%
15,2023-01-08,Sun,Boavista,Gil Vicente,3845.0,28263,13.6%
16,2023-01-13,Fri,Portimonense,Santa Clara,762.0,9544,8.0%
16,2023-01-14,Sat,Vizela,Maritimo,2609.0,6565,39.7%
16,2023-01-14,Sat,Rio Ave,Pacos de Ferreira,2310.0,12815,18.0%
16,2023-01-14,Sat,Braga,Boavista,12357.0,30286,40.8%
16,2023-01-15,Sun,Chaves,Arouca,1768.0,12000,14.7%
16,2023-01-15,Sun,Benfica,Sporting CP,62295.0,65647,94.9%
16,2023-01-15,Sun,FC Porto,Famalicao,33313.0,50399,66.1%
16,2023-01-16,Mon,Estoril,Casa Pia AC,1290.0,8015,16.1%
16,2023-01-16,Mon,Gil Vicente,Vitoria de Guimaraes,3088.0,12046,25.6%
17,2023-01-20,Fri,Arouca,Portimonense,839.0,7000,12.0%
17,2023-01-20,Fri,Sporting CP,Vizela,23358.0,50466,46.3%
17,2023-01-21,Sat,Pacos de Ferreira,Braga,5904.0,9146,64.6%
17,2023-01-21,Sat,Santa Clara,Benfica,9701.0,13277,73.1%
17,2023-01-21,Sat,Vitoria de Guimaraes,FC Porto,19653.0,30165,65.2%
17,2023-01-22,Sun,Maritimo,Estoril,9212.0,10932,84.3%
17,2023-01-22,Sun,Casa Pia AC,Gil Vicente,772.0,38000,2.0%
17,2023-01-22,Sun,Famalicao,Rio Ave,3660.0,8000,45.8%
17,2023-01-23,Mon,Boavista,Chaves,4011.0,28263,14.2%
20,2023-01-26,Thu,Pacos de Ferreira,Benfica,8060.0,9146,88.1%
18,2023-01-29,Sun,Casa Pia AC,Santa Clara,1003.0,38000,2.6%
18,2023-01-29,Sun,Vizela,Rio Ave,3519.0,6565,53.6%
18,2023-01-29,Sun,Boavista,Portimonense,4371.0,28263,15.5%
18,2023-01-29,Sun,Famalicao,Estoril,3407.0,8000,42.6%
18,2023-01-30,Mon,Vitoria de Guimaraes,Chaves,9347.0,30165,31.0%
18,2023-01-31,Tue,Pacos de Ferreira,Gil Vicente,2901.0,9146,31.7%
18,2023-01-31,Tue,Arouca,Benfica,4614.0,7000,65.9%
18,2023-02-01,Wed,Maritimo,FC Porto,9624.0,10932,88.0%
18,2023-02-01,Wed,Sporting CP,Braga,26338.0,50466,52.2%
19,2023-02-04,Sat,Santa Clara,Boavista,1680.0,13277,12.7%
19,2023-02-04,Sat,Benfica,Casa Pia AC,58763.0,65647,89.5%
19,2023-02-04,Sat,Estoril,Vitoria de Guimaraes,1624.0,8015,20.3%
19,2023-02-05,Sun,Braga,Famalicao,14331.0,30286,47.3%
19,2023-02-05,Sun,Chaves,Maritimo,2129.0,12000,17.7%
19,2023-02-05,Sun,FC Porto,Vizela,41211.0,50399,81.8%
19,2023-02-05,Sun,Gil Vicente,Arouca,2725.0,12046,22.6%
19,2023-02-06,Mon,Portimonense,Pacos de Ferreira,745.0,9544,7.8%
19,2023-02-06,Mon,Rio Ave,Sporting CP,4125.0,12815,32.2%
14,2023-02-09,Thu,Estoril,Boavista,956.0,8015,11.9%
20,2023-02-10,Fri,Vizela,Chaves,2909.0,6565,44.3%
20,2023-02-11,Sat,Arouca,Santa Clara,857.0,7000,12.2%
20,2023-02-11,Sat,Vitoria de Guimaraes,Portimonense,12956.0,30165,43.0%
20,2023-02-12,Sun,Famalicao,Gil Vicente,4483.0,8000,56.0%
20,2023-02-12,Sun,Sporting CP,FC Porto,39528.0,50466,78.3%
20,2023-02-12,Sun,Maritimo,Braga,9937.0,10932,90.9%
20,2023-02-13,Mon,Rio Ave,Estoril,2654.0,12815,20.7%
20,2023-02-13,Mon,Boavista,Casa Pia AC,3575.0,28263,12.6%
21,2023-02-17,Fri,Gil Vicente,Vizela,3212.0,12046,26.7%
21,2023-02-18,Sat,Estoril,Pacos de Ferreira,2052.0,8015,25.6%
21,2023-02-18,Sat,Portimonense,Maritimo,1572.0,9544,16.5%
21,2023-02-18,Sat,FC Porto,Rio Ave,40629.0,50399,80.6%
21,2023-02-19,Sun,Santa Clara,Famalicao,1618.0,13277,12.2%
21,2023-02-19,Sun,Braga,Arouca,13407.0,30286,44.3%
21,2023-02-19,Sun,Casa Pia AC,Vitoria de Guimaraes,1818.0,38000,4.8%
21,2023-02-20,Mon,Chaves,Sporting CP,4981.0,12000,41.5%
21,2023-02-20,Mon,Benfica,Boavista,56413.0,65647,85.9%
22,2023-02-24,Fri,Famalicao,Portimonense,2965.0,8000,37.1%
22,2023-02-25,Sat,Arouca,Casa Pia AC,1071.0,7000,15.3%
22,2023-02-25,Sat,Maritimo,Santa Clara,9312.0,10932,85.2%
22,2023-02-25,Sat,Vizela,Benfica,5872.0,6565,89.4%
22,2023-02-26,Sun,Rio Ave,Chaves,3244.0,12815,25.3%
22,2023-02-26,Sun,Pacos de Ferreira,Boavista,5406.0,9146,59.1%
22,2023-02-26,Sun,FC Porto,Gil Vicente,35509.0,50399,70.5%
22,2023-02-27,Mon,Sporting CP,Estoril,22313.0,50466,44.2%
22,2023-02-27,Mon,Vitoria de Guimaraes,Braga,19072.0,30165,63.2%
23,2023-03-03,Fri,Boavista,Arouca,4689.0,28263,16.6%
23,2023-03-03,Fri,Benfica,Famalicao,56995.0,65647,86.8%
23,2023-03-04,Sat,Estoril,Vizela,1815.0,8015,22.6%
23,2023-03-04,Sat,Portimonense,Sporting CP,4474.0,9544,46.9%
23,2023-03-04,Sat,Chaves,FC Porto,5568.0,12000,46.4%
23,2023-03-05,Sun,Gil Vicente,Maritimo,5243.0,12046,43.5%
23,2023-03-05,Sun,Santa Clara,Vitoria de Guimaraes,1598.0,13277,12.0%
23,2023-03-05,Sun,Braga,Rio Ave,9456.0,30286,31.2%
23,2023-03-06,Mon,Casa Pia AC,Pacos de Ferreira,530.0,2574,20.6%
24,2023-03-10,Fri,FC Porto,Estoril,29116.0,50399,57.8%
24,2023-03-11,Sat,Chaves,Portimonense,3301.0,12000,27.5%
24,2023-03-11,Sat,Pacos de Ferreira,Santa Clara,3601.0,9146,39.4%
24,2023-03-11,Sat,Vitoria de Guimaraes,Arouca,21717.0,30165,72.0%
24,2023-03-11,Sat,Vizela,Braga,3682.0,6565,56.1%
24,2023-03-12,Sun,Rio Ave,Gil Vicente,3036.0,12815,23.7%
24,2023-03-12,Sun,Maritimo,Benfica,10547.0,10932,96.5%
24,2023-03-12,Sun,Sporting CP,Boavista,27535.0,50466,54.6%
24,2023-03-13,Mon,Famalicao,Casa Pia AC,2729.0,8000,34.1%
25,2023-03-17,Fri,Santa Clara,Rio Ave,912.0,13277,6.9%
25,2023-03-18,Sat,Portimonense,Vizela,1284.0,9544,13.5%
25,2023-03-18,Sat,Arouca,Pacos de Ferreira,1048.0,7000,15.0%
25,2023-03-18,Sat,Benfica,Vitoria de Guimaraes,59374.0,65647,90.4%
25,2023-03-18,Sat,Estoril,Chaves,2178.0,8015,27.2%
25,2023-03-19,Sun,Casa Pia AC,Maritimo,2432.0,38000,6.4%
25,2023-03-19,Sun,Braga,FC Porto,22256.0,30286,73.5%
25,2023-03-19,Sun,Boavista,Famalicao,5530.0,28263,19.6%
26,2023-03-31,Fri,Estoril,Gil Vicente,1612.0,8015,20.1%
26,2023-04-01,Sat,Vizela,Casa Pia AC,3008.0,6565,45.8%
26,2023-04-01,Sat,Vitoria de Guimaraes,Pacos de Ferreira,14784.0,30165,49.0%
26,2023-04-01,Sat,Sporting CP,Santa Clara,31603.0,50466,62.6%
26,2023-04-02,Sun,Chaves,Braga,5454.0,12000,45.5%
26,2023-04-02,Sun,Maritimo,Boavista,9679.0,10932,88.5%
26,2023-04-02,Sun,Rio Ave,Benfica,4134.0,12815,32.3%
26,2023-04-02,Sun,FC Porto,Portimonense,35802.0,50399,71.0%
26,2023-04-03,Mon,Famalicao,Arouca,4030.0,8000,50.4%
25,2023-04-05,Wed,Gil Vicente,Sporting CP,8076.0,12046,67.0%
27,2023-04-07,Fri,Santa Clara,Vizela,802.0,13277,6.0%
27,2023-04-07,Fri,Benfica,FC Porto,62028.0,65647,94.5%
27,2023-04-07,Fri,Boavista,Vitoria de Guimaraes,5756.0,28263,20.4%
27,2023-04-08,Sat,Arouca,Maritimo,1719.0,7000,24.6%
27,2023-04-08,Sat,Pacos de Ferreira,Famalicao,4992.0,9146,54.6%
27,2023-04-08,Sat,Portimonense,Rio Ave,1246.0,9544,13.1%
27,2023-04-08,Sat,Braga,Estoril,15507.0,30286,51.2%
27,2023-04-09,Sun,Casa Pia AC,Sporting CP,10509.0,38000,27.7%
27,2023-04-10,Mon,Gil Vicente,Chaves,3761.0,12046,31.2%
28,2023-04-14,Fri,Famalicao,Vitoria de Guimaraes,4042.0,8000,50.5%
28,2023-04-15,Sat,Estoril,Portimonense,1714.0,8015,21.4%
28,2023-04-15,Sat,Maritimo,Pacos de Ferreira,9093.0,10932,83.2%
28,2023-04-15,Sat,Chaves,Benfica,8297.0,12000,69.1%
28,2023-04-15,Sat,FC Porto,Santa Clara,40708.0,50399,80.8%
28,2023-04-16,Sun,Rio Ave,Casa Pia AC,2752.0,12815,21.5%
28,2023-04-16,Sun,Braga,Gil Vicente,18197.0,30286,60.1%
28,2023-04-16,Sun,Sporting CP,Arouca,25584.0,50466,50.7%
28,2023-04-17,Mon,Vizela,Boavista,3403.0,6565,51.8%
29,2023-04-21,Fri,Casa Pia AC,Braga,1016.0,38000,2.7%
29,2023-04-22,Sat,Famalicao,Maritimo,4044.0,8000,50.5%
29,2023-04-22,Sat,Boavista,Rio Ave,6260.0,28263,22.1%
29,2023-04-22,Sat,Pacos de Ferreira,FC Porto,7852.0,9146,85.9%
29,2023-04-23,Sun,Portimonense,Gil Vicente,1278.0,9544,13.4%
29,2023-04-23,Sun,Benfica,Estoril,58036.0,65647,88.4%
29,2023-04-23,Sun,Santa Clara,Chaves,633.0,13277,4.8%
29,2023-04-23,Sun,Arouca,Vizela,1742.0,7000,24.9%
29,2023-04-24,Mon,Vitoria de Guimaraes,Sporting CP,21893.0,30165,72.6%
30,2023-04-28,Fri,Rio Ave,Arouca,2298.0,12815,17.9%
30,2023-04-29,Sat,Braga,Portimonense,16005.0,30286,52.8%
30,2023-04-29,Sat,Maritimo,Vitoria de Guimaraes,9274.0,10932,84.8%
30,2023-04-29,Sat,Chaves,Casa Pia AC,2451.0,12000,20.4%
30,2023-04-29,Sat,Vizela,Pacos de Ferreira,4423.0,6565,67.4%
30,2023-04-29,Sat,Gil Vicente,Benfica,11694.0,12046,97.1%
30,2023-04-30,Sun,Estoril,Santa Clara,4198.0,8015,52.4%
30,2023-04-30,Sun,FC Porto,Boavista,47925.0,50399,95.1%
30,2023-04-30,Sun,Sporting CP,Famalicao,29443.0,50466,58.3%
31,2023-05-05,Fri,Casa Pia AC,Portimonense,556.0,38000,1.5%
31,2023-05-06,Sat,Santa Clara,Gil Vicente,579.0,13277,4.4%
31,2023-05-06,Sat,Boavista,Estoril,5379.0,28263,19.0%
31,2023-05-06,Sat,Benfica,Braga,60289.0,65647,91.8%
31,2023-05-07,Sun,Maritimo,Rio Ave,8641.0,10932,79.0%
31,2023-05-07,Sun,Vitoria de Guimaraes,Vizela,20031.0,30165,66.4%
31,2023-05-07,Sun,Pacos de Ferreira,Sporting CP,4791.0,9146,52.4%
31,2023-05-08,Mon,Famalicao,Chaves,3681.0,8000,46.0%
31,2023-05-08,Mon,Arouca,FC Porto,4092.0,7000,58.5%
32,2023-05-12,Fri,Gil Vicente,Boavista,3265.0,12046,27.1%
32,2023-05-13,Sat,Chaves,Pacos de Ferreira,2475.0,12000,20.6%
32,2023-05-13,Sat,Vizela,Famalicao,2717.0,6565,41.4%
32,2023-05-13,Sat,Portimonense,Benfica,4404.0,9544,46.1%
32,2023-05-13,Sat,Sporting CP,Maritimo,27130.0,50466,53.8%
32,2023-05-14,Sun,Rio Ave,Vitoria de Guimaraes,4001.0,12815,31.2%
32,2023-05-14,Sun,Braga,Santa Clara,16442.0,30286,54.3%
32,2023-05-14,Sun,FC Porto,Casa Pia AC,35203.0,50399,69.8%
32,2023-05-15,Mon,Estoril,Arouca,2826.0,8015,35.3%
33,2023-05-19,Fri,Maritimo,Vizela,10181.0,10932,93.1%
33,2023-05-20,Sat,Arouca,Chaves,1993.0,7000,28.5%
33,2023-05-20,Sat,Santa Clara,Portimonense,635.0,13277,4.8%
33,2023-05-20,Sat,Boavista,Braga,9265.0,28263,32.8%
33,2023-05-20,Sat,Famalicao,FC Porto,4992.0,8000,62.4%
33,2023-05-21,Sun,Vitoria de Guimaraes,Gil Vicente,22733.0,30165,75.4%
33,2023-05-21,Sun,Casa Pia AC,Estoril,302.0,23888,1.3%
33,2023-05-21,Sun,Pacos de Ferreira,Rio Ave,2032.0,9146,22.2%
33,2023-05-21,Sun,Sporting CP,Benfica,39348.0,50466,78.0%
34,2023-05-26,Fri,Rio Ave,Famalicao,3037.0,12815,23.7%
34,2023-05-26,Fri,Vizela,Sporting CP,3309.0,6565,50.4%
34,2023-05-27,Sat,Gil Vicente,Casa Pia AC,2272.0,12046,18.9%
34,2023-05-27,Sat,Chaves,Boavista,3135.0,12000,26.1%
34,2023-05-27,Sat,Estoril,Maritimo,2736.0,8015,34.1%
34,2023-05-27,Sat,Benfica,Santa Clara,64012.0,65647,97.5%
34,2023-05-27,Sat,FC Porto,Vitoria de Guimaraes,42417.0,50399,84.2%
34,2023-05-27,Sat,Portimonense,Arouca,867.0,9544,9.1%
34,2023-05-27,Sat,Braga,Pacos de Ferreira,14481.0,30286,47.8%
1,2023-08-11,Fri,Braga,Famalicao,19184.0,30286,63.3%
1,2023-08-12,Sat,Gil Vicente,Portimonense,3606.0,12046,29.9%
1,2023-08-12,Sat,Farense,Casa Pia AC,3953.0,12000,32.9%
1,2023-08-12,Sat,Sporting CP,Vizela,37152.0,50466,73.6%
1,2023-08-13,Sun,Rio Ave,Chaves,3044.0,12815,23.8%
1,2023-08-13,Sun,Estrela da Amadora,Vitoria de Guimaraes,4300.0,9288,46.3%
1,2023-08-13,Sun,Arouca,Estoril,1752.0,7000,25.0%
1,2023-08-14,Mon,Moreirense,FC Porto,5674.0,13000,43.6%
1,2023-08-14,Mon,Boavista,Benfica,21320.0,28263,75.4%
2,2023-08-18,Fri,Casa Pia AC,Sporting CP,6981.0,8500,82.1%
2,2023-08-19,Sat,Vitoria de Guimaraes,Gil Vicente,15127.0,30165,50.1%
2,2023-08-19,Sat,Chaves,Braga,5443.0,12000,45.4%
2,2023-08-19,Sat,Benfica,Estrela da Amadora,58479.0,65647,89.1%
2,2023-08-19,Sat,Portimonense,Boavista,2034.0,9544,21.3%
2,2023-08-20,Sun,Estoril,Rio Ave,2359.0,8015,29.4%
2,2023-08-20,Sun,FC Porto,Farense,48129.0,50399,95.5%
2,2023-08-20,Sun,Vizela,Arouca,2620.0,6565,39.9%
2,2023-08-21,Mon,Famalicao,Moreirense,4640.0,8000,58.0%
3,2023-08-25,Fri,Estrela da Amadora,Estoril,3624.0,9288,39.0%
3,2023-08-26,Sat,Arouca,Portimonense,2252.0,7000,32.2%
3,2023-08-26,Sat,Farense,Chaves,3858.0,12000,32.1%
3,2023-08-26,Sat,Gil Vicente,Benfica,11792.0,12046,97.9%
3,2023-08-27,Sun,Boavista,Casa Pia AC,4945.0,28263,17.5%
3,2023-08-27,Sun,Vitoria de Guimaraes,Vizela,18016.0,30165,59.7%
3,2023-08-27,Sun,Sporting CP,Famalicao,40287.0,50466,79.8%
3,2023-08-28,Mon,Rio Ave,FC Porto,4811.0,12815,37.5%
4,2023-09-01,Fri,Vizela,Gil Vicente,2678.0,6565,40.8%
4,2023-09-02,Sat,Casa Pia AC,Rio Ave,3267.0,8500,38.4%
4,2023-09-02,Sat,Famalicao,Farense,4171.0,8000,52.1%
4,2023-09-02,Sat,Portimonense,Estrela da Amadora,2607.0,9544,27.3%
4,2023-09-02,Sat,Benfica,Vitoria de Guimaraes,60410.0,65647,92.0%
4,2023-09-03,Sun,Estoril,Boavista,3056.0,8015,38.1%
4,2023-09-03,Sun,Chaves,Moreirense,2406.0,12000,20.1%
4,2023-09-03,Sun,FC Porto,Arouca,46516.0,50399,92.3%
4,2023-09-03,Sun,Braga,Sporting CP,22781.0,30286,75.2%
3,2023-09-09,Sat,Moreirense,Braga,2875.0,13000,22.1%
5,2023-09-15,Fri,Estrela da Amadora,FC Porto,5976.0,9288,64.3%
5,2023-09-16,Sat,Rio Ave,Famalicao,3075.0,12815,24.0%
5,2023-09-16,Sat,Farense,Braga,5006.0,12000,41.7%
5,2023-09-16,Sat,Vizela,Benfica,5584.0,6565,85.1%
5,2023-09-17,Sun,Arouca,Casa Pia AC,1346.0,7000,19.2%
5,2023-09-17,Sun,Gil Vicente,Estoril,2495.0,12046,20.7%
5,2023-09-17,Sun,Vitoria de Guimaraes,Portimonense,12593.0,30165,41.7%
5,2023-09-17,Sun,Sporting CP,Moreirense,36815.0,50466,73.0%
5,2023-09-18,Mon,Boavista,Chaves,7022.0,28263,24.8%
6,2023-09-22,Fri,Famalicao,Arouca,3678.0,8000,46.0%
6,2023-09-23,Sat,Estoril,Vizela,4258.0,8015,53.1%
6,2023-09-23,Sat,Moreirense,Farense,1695.0,13000,13.0%
6,2023-09-23,Sat,Casa Pia AC,Vitoria de Guimaraes,3830.0,8500,45.1%
6,2023-09-23,Sat,FC Porto,Gil Vicente,37617.0,50399,74.6%
6,2023-09-24,Sun,Chaves,Estrela da Amadora,2420.0,12000,20.2%
6,2023-09-24,Sun,Portimonense,Benfica,4354.0,9544,45.6%
6,2023-09-24,Sun,Braga,Boavista,16394.0,30286,54.1%
6,2023-09-25,Mon,Sporting CP,Rio Ave,34355.0,50466,68.1%
7,2023-09-28,Thu,Estrela da Amadora,Braga,3630.0,9288,39.1%
7,2023-09-29,Fri,Benfica,FC Porto,62247.0,65647,94.8%
7,2023-09-30,Sat,Vizela,Portimonense,2712.0,6565,41.3%
7,2023-09-30,Sat,Boavista,Famalicao,7809.0,28263,27.6%
7,2023-09-30,Sat,Farense,Sporting CP,6020.0,12000,50.2%
7,2023-10-01,Sun,Arouca,Chaves,1765.0,7000,25.2%
7,2023-10-01,Sun,Vitoria de Guimaraes,Estoril,15101.0,30165,50.1%
7,2023-10-01,Sun,Rio Ave,Moreirense,2695.0,12815,21.0%
7,2023-10-02,Mon,Gil Vicente,Casa Pia AC,2702.0,12046,22.4%
8,2023-10-06,Fri,Moreirense,Boavista,2388.0,13000,18.4%
8,2023-10-07,Sat,Chaves,Gil Vicente,2522.0,12000,21.0%
8,2023-10-07,Sat,Farense,Vizela,4811.0,12000,40.1%
8,2023-10-07,Sat,Braga,Rio Ave,16093.0,30286,53.1%
8,2023-10-07,Sat,Estoril,Benfica,4966.0,8015,62.0%
8,2023-10-08,Sun,Casa Pia AC,Estrela da Amadora,2861.0,8500,33.7%
8,2023-10-08,Sun,Famalicao,Vitoria de Guimaraes,4278.0,8000,53.5%
8,2023-10-08,Sun,FC Porto,Portimonense,43230.0,50399,85.8%
8,2023-10-08,Sun,Sporting CP,Arouca,36688.0,50466,72.7%
9,2023-10-27,Fri,Arouca,Moreirense,1037.0,7000,14.8%
9,2023-10-28,Sat,Portimonense,Estoril,1579.0,9544,16.5%
9,2023-10-28,Sat,Benfica,Casa Pia AC,57240.0,65647,87.2%
9,2023-10-28,Sat,Vitoria de Guimaraes,Chaves,12984.0,30165,43.0%
9,2023-10-28,Sat,Gil Vicente,Braga,4504.0,12046,37.4%
9,2023-10-29,Sun,Rio Ave,Farense,1865.0,12815,14.6%
9,2023-10-29,Sun,Estrela da Amadora,Famalicao,3137.0,9288,33.8%
9,2023-10-29,Sun,Vizela,FC Porto,4435.0,6565,67.6%
9,2023-10-30,Mon,Boavista,Sporting CP,12608.0,28263,44.6%
10,2023-11-03,Fri,FC Porto,Estoril,30306.0,50399,60.1%
10,2023-11-04,Sat,Chaves,Benfica,8271.0,12000,68.9%
10,2023-11-04,Sat,Famalicao,Gil Vicente,2239.0,8000,28.0%
10,2023-11-04,Sat,Braga,Portimonense,8929.0,30286,29.5%
10,2023-11-05,Sun,Casa Pia AC,Vizela,1586.0,8500,18.7%
10,2023-11-05,Sun,Moreirense,Vitoria de Guimaraes,4351.0,13000,33.5%
10,2023-11-05,Sun,Rio Ave,Boavista,2866.0,12815,22.4%
10,2023-11-05,Sun,Sporting CP,Estrela da Amadora,38408.0,50466,76.1%
10,2023-11-06,Mon,Farense,Arouca,4237.0,12000,35.3%
11,2023-11-10,Fri,Estoril,Casa Pia AC,2896.0,8015,36.1%
11,2023-11-11,Sat,Portimonense,Chaves,1553.0,9544,16.3%
11,2023-11-11,Sat,Estrela da Amadora,Moreirense,3458.0,9288,37.2%
11,2023-11-11,Sat,Vizela,Famalicao,2235.0,6565,34.0%
11,2023-11-11,Sat,Vitoria de Guimaraes,FC Porto,21353.0,30165,70.8%
11,2023-11-12,Sun,Boavista,Farense,6520.0,28263,23.1%
11,2023-11-12,Sun,Gil Vicente,Rio Ave,3338.0,12046,27.7%
11,2023-11-12,Sun,Arouca,Braga,1525.0,7000,21.8%
11,2023-11-12,Sun,Benfica,Sporting CP,62166.0,65647,94.7%
12,2023-12-01,Fri,Chaves,Vizela,2788.0,12000,23.2%
12,2023-12-02,Sat,Farense,Vitoria de Guimaraes,4955.0,12000,41.3%
12,2023-12-02,Sat,Rio Ave,Estrela da Amadora,2403.0,12815,18.8%
12,2023-12-02,Sat,Famalicao,FC Porto,4858.0,8000,60.7%
12,2023-12-02,Sat,Casa Pia AC,Portimonense,1187.0,8500,14.0%
12,2023-12-03,Sun,Braga,Estoril,12902.0,30286,42.6%
12,2023-12-03,Sun,Moreirense,Benfica,5664.0,13000,43.6%
12,2023-12-03,Sun,Boavista,Arouca,3788.0,28263,13.4%
12,2023-12-04,Mon,Sporting CP,Gil Vicente,33712.0,50466,66.8%
13,2023-12-08,Fri,Vizela,Braga,3785.0,6565,57.7%
13,2023-12-08,Fri,Benfica,Farense,56766.0,65647,86.5%
13,2023-12-09,Sat,Portimonense,Famalicao,1188.0,9544,12.4%
13,2023-12-09,Sat,Vitoria de Guimaraes,Sporting CP,20357.0,30165,67.5%
13,2023-12-09,Sat,FC Porto,Casa Pia AC,29130.0,50399,57.8%
13,2023-12-10,Sun,Estrela da Amadora,Boavista,3732.0,9288,40.2%
13,2023-12-10,Sun,Arouca,Rio Ave,1122.0,7000,16.0%
13,2023-12-10,Sun,Estoril,Chaves,1578.0,8015,19.7%
13,2023-12-11,Mon,Gil Vicente,Moreirense,2382.0,12046,19.8%
14,2023-12-15,Fri,Farense,Estrela da Amadora,4549.0,12000,37.9%
14,2023-12-16,Sat,Rio Ave,Vizela,2538.0,12815,19.8%
14,2023-12-16,Sat,Arouca,Gil Vicente,1386.0,7000,19.8%
14,2023-12-16,Sat,Boavista,Vitoria de Guimaraes,8970.0,28263,31.7%
14,2023-12-17,Sun,Chaves,Casa Pia AC,1980.0,12000,16.5%
14,2023-12-17,Sun,Moreirense,Portimonense,1453.0,13000,11.2%
14,2023-12-17,Sun,Famalicao,Estoril,3599.0,8000,45.0%
14,2023-12-17,Sun,Braga,Benfica,25532.0,30286,84.3%
14,2023-12-18,Mon,Sporting CP,FC Porto,44385.0,50466,88.0%
15,2023-12-23,Sat,Vitoria de Guimaraes,Rio Ave,21021.0,30165,69.7%
15,2023-12-23,Sat,Vizela,Moreirense,4334.0,6565,66.0%
15,2023-12-28,Thu,Estrela da Amadora,Arouca,4352.0,9288,46.9%
15,2023-12-29,Fri,Benfica,Famalicao,58725.0,65647,89.5%
15,2023-12-29,Fri,FC Porto,Chaves,41529.0,50399,82.4%
15,2023-12-30,Sat,Estoril,Farense,2562.0,8015,32.0%
15,2023-12-30,Sat,Gil Vicente,Boavista,4986.0,12046,41.4%
15,2023-12-30,Sat,Casa Pia AC,Braga,4153.0,8500,48.9%
15,2023-12-30,Sat,Portimonense,Sporting CP,4574.0,9544,47.9%
16,2024-01-05,Fri,Sporting CP,Estoril,37483.0,50466,74.3%
16,2024-01-05,Fri,Boavista,FC Porto,13945.0,28263,49.3%
16,2024-01-06,Sat,Estrela da Amadora,Vizela,3086.0,9288,33.2%
16,2024-01-06,Sat,Farense,Gil Vicente,4437.0,12000,37.0%
16,2024-01-06,Sat,Arouca,Benfica,4437.0,7000,63.4%
16,2024-01-06,Sat,Braga,Vitoria de Guimaraes,22385.0,30286,73.9%
16,2024-01-07,Sun,Rio Ave,Portimonense,2593.0,12815,20.2%
16,2024-01-07,Sun,Famalicao,Chaves,2927.0,8000,36.6%
16,2024-01-08,Mon,Moreirense,Casa Pia AC,944.0,13000,7.3%
17,2024-01-12,Fri,Portimonense,Farense,3611.0,9544,37.8%
17,2024-01-13,Sat,Casa Pia AC,Famalicao,1240.0,8500,14.6%
17,2024-01-13,Sat,Chaves,Sporting CP,5690.0,12000,47.4%
17,2024-01-13,Sat,Estoril,Moreirense,1762.0,8015,22.0%
17,2024-01-14,Sun,Gil Vicente,Estrela da Amadora,2349.0,12046,19.5%
17,2024-01-14,Sun,Benfica,Rio Ave,55238.0,65647,84.1%
17,2024-01-14,Sun,Vizela,Boavista,1998.0,6565,30.4%
17,2024-01-14,Sun,FC Porto,Braga,41402.0,50399,82.1%
17,2024-01-15,Mon,Vitoria de Guimaraes,Arouca,11206.0,30165,37.1%
18,2024-01-18,Thu,Famalicao,Braga,3988.0,8000,49.9%
18,2024-01-18,Thu,Vizela,Sporting CP,4386.0,6565,66.8%
18,2024-01-19,Fri,Benfica,Boavista,54345.0,65647,82.8%
18,2024-01-20,Sat,Estoril,Arouca,2184.0,8015,27.2%
18,2024-01-20,Sat,Casa Pia AC,Farense,1726.0,2574,67.1%
18,2024-01-20,Sat,FC Porto,Moreirense,34218.0,50399,67.9%
18,2024-01-21,Sun,Portimonense,Gil Vicente,1946.0,9544,20.4%
18,2024-01-21,Sun,Chaves,Rio Ave,3236.0,12000,27.0%
18,2024-01-21,Sun,Vitoria de Guimaraes,Estrela da Amadora,19033.0,30165,63.1%
19,2024-01-28,Sun,Boavista,Portimonense,6917.0,28263,24.5%
19,2024-01-28,Sun,Moreirense,Famalicao,2327.0,13000,17.9%
19,2024-01-28,Sun,Farense,FC Porto,6356.0,12000,53.0%
19,2024-01-28,Sun,Arouca,Vizela,1151.0,7000,16.4%
19,2024-01-28,Sun,Gil Vicente,Vitoria de Guimaraes,7617.0,12046,63.2%
19,2024-01-29,Mon,Estrela da Amadora,Benfica,6398.0,9288,68.9%
19,2024-01-29,Mon,Sporting CP,Casa Pia AC,32869.0,50466,65.1%
19,2024-01-31,Wed,Rio Ave,Estoril,3058.0,12815,23.9%
19,2024-01-31,Wed,Braga,Chaves,11019.0,30286,36.4%
20,2024-02-03,Sat,Portimonense,Arouca,1657.0,9544,17.4%
20,2024-02-03,Sat,FC Porto,Rio Ave,39330.0,50399,78.0%
20,2024-02-04,Sun,Chaves,Farense,2308.0,12000,19.2%
20,2024-02-04,Sun,Vizela,Vitoria de Guimaraes,5155.0,6565,78.5%
20,2024-02-04,Sun,Benfica,Gil Vicente,58722.0,65647,89.5%
20,2024-02-04,Sun,Estoril,Estrela da Amadora,3486.0,8015,43.5%
20,2024-02-04,Sun,Braga,Moreirense,12275.0,30286,40.5%
20,2024-02-05,Mon,Casa Pia AC,Boavista,1261.0,8500,14.8%
21,2024-02-09,Fri,Estrela da Amadora,Portimonense,1437.0,9288,15.5%
21,2024-02-10,Sat,Farense,Famalicao,4815.0,12000,40.1%
21,2024-02-10,Sat,Moreirense,Chaves,1340.0,13000,10.3%
21,2024-02-10,Sat,Boavista,Estoril,7112.0,28263,25.2%
21,2024-02-11,Sun,Rio Ave,Casa Pia AC,2682.0,12815,20.9%
21,2024-02-11,Sun,Sporting CP,Braga,39851.0,50466,79.0%
21,2024-02-11,Sun,Vitoria de Guimaraes,Benfica,25015.0,30165,82.9%
21,2024-02-12,Mon,Arouca,FC Porto,3157.0,7000,45.1%
21,2024-02-13,Tue,Gil Vicente,Vizela,3958.0,12046,32.9%
22,2024-02-16,Fri,Famalicao,Rio Ave,4173.0,8000,52.2%
22,2024-02-17,Sat,Chaves,Boavista,2315.0,12000,19.3%
22,2024-02-17,Sat,Portimonense,Vitoria de Guimaraes,2144.0,9544,22.5%
22,2024-02-17,Sat,FC Porto,Estrela da Amadora,30613.0,50399,60.7%
22,2024-02-18,Sun,Casa Pia AC,Arouca,1244.0,8500,14.6%
22,2024-02-18,Sun,Benfica,Vizela,56191.0,65647,85.6%
22,2024-02-18,Sun,Estoril,Gil Vicente,3596.0,8015,44.9%
22,2024-02-18,Sun,Braga,Farense,11270.0,30286,37.2%
22,2024-02-19,Mon,Moreirense,Sporting CP,5163.0,13000,39.7%
23,2024-02-23,Fri,Arouca,Famalicao,1361.0,7000,19.4%
23,2024-02-24,Sat,Farense,Moreirense,4646.0,12000,38.7%
23,2024-02-24,Sat,Estrela da Amadora,Chaves,4894.0,9288,52.7%
23,2024-02-24,Sat,Vitoria de Guimaraes,Casa Pia AC,13689.0,30165,45.4%
23,2024-02-25,Sun,Vizela,Estoril,1910.0,6565,29.1%
23,2024-02-25,Sun,Benfica,Portimonense,57201.0,65647,87.1%
23,2024-02-25,Sun,Gil Vicente,FC Porto,7121.0,12046,59.1%
23,2024-02-25,Sun,Rio Ave,Sporting CP,4406.0,12815,34.4%
23,2024-02-26,Mon,Boavista,Braga,8905.0,28263,31.5%
24,2024-03-01,Fri,Chaves,Arouca,1927.0,12000,16.1%
24,2024-03-02,Sat,Moreirense,Rio Ave,1542.0,13000,11.9%
24,2024-03-02,Sat,Estoril,Vitoria de Guimaraes,2086.0,8015,26.0%
24,2024-03-02,Sat,Braga,Estrela da Amadora,9564.0,30286,31.6%
24,2024-03-03,Sun,Casa Pia AC,Gil Vicente,1253.0,8500,14.7%
24,2024-03-03,Sun,Portimonense,Vizela,1610.0,9544,16.9%
24,2024-03-03,Sun,Sporting CP,Farense,39063.0,50466,77.4%
24,2024-03-03,Sun,FC Porto,Benfica,49013.0,50399,97.2%
24,2024-03-04,Mon,Famalicao,Boavista,3198.0,8000,40.0%
25,2024-03-08,Fri,Portimonense,FC Porto,2811.0,9544,29.5%
25,2024-03-08,Fri,Estrela da Amadora,Casa Pia AC,1972.0,9288,21.2%
25,2024-03-09,Sat,Vizela,Farense,2006.0,6565,30.6%
25,2024-03-09,Sat,Boavista,Moreirense,6441.0,28263,22.8%
25,2024-03-09,Sat,Rio Ave,Braga,2753.0,12815,21.5%
25,2024-03-09,Sat,Vitoria de Guimaraes,Famalicao,12909.0,30165,42.8%
25,2024-03-10,Sun,Arouca,Sporting CP,4061.0,7000,58.0%
25,2024-03-10,Sun,Benfica,Estoril,48964.0,65647,74.6%
25,2024-03-11,Mon,Gil Vicente,Chaves,3033.0,12046,25.2%
26,2024-03-15,Fri,Estoril,Portimonense,1870.0,8015,23.3%
26,2024-03-16,Sat,Famalicao,Estrela da Amadora,3490.0,8000,43.6%
26,2024-03-16,Sat,Braga,Gil Vicente,14097.0,30286,46.5%
26,2024-03-16,Sat,Farense,Rio Ave,4713.0,12000,39.3%
26,2024-03-16,Sat,FC Porto,Vizela,30117.0,50399,59.8%
26,2024-03-17,Sun,Chaves,Vitoria de Guimaraes,4005.0,12000,33.4%
26,2024-03-17,Sun,Moreirense,Arouca,1664.0,13000,12.8%
26,2024-03-17,Sun,Casa Pia AC,Benfica,6925.0,8500,81.5%
26,2024-03-17,Sun,Sporting CP,Boavista,38260.0,50466,75.8%
27,2024-03-29,Fri,Gil Vicente,Famalicao,4255.0,12046,35.3%
27,2024-03-29,Fri,Benfica,Chaves,55351.0,65647,84.3%
27,2024-03-29,Fri,Estrela da Amadora,Sporting CP,6764.0,9288,72.8%
27,2024-03-30,Sat,Arouca,Farense,1127.0,7000,16.1%
27,2024-03-30,Sat,Vitoria de Guimaraes,Moreirense,15143.0,30165,50.2%
27,2024-03-30,Sat,Boavista,Rio Ave,7754.0,28263,27.4%
27,2024-03-30,Sat,Estoril,FC Porto,4578.0,8015,57.1%
27,2024-03-31,Sun,Vizela,Casa Pia AC,2235.0,6565,34.0%
27,2024-04-01,Mon,Portimonense,Braga,2204.0,9544,23.1%
28,2024-04-05,Fri,Farense,Boavista,4928.0,12000,41.1%
28,2024-04-06,Sat,Famalicao,Vizela,3713.0,8000,46.4%
28,2024-04-06,Sat,Rio Ave,Gil Vicente,3085.0,12815,24.1%
28,2024-04-06,Sat,Braga,Arouca,13031.0,30286,43.0%
28,2024-04-06,Sat,Sporting CP,Benfica,48113.0,50466,95.3%
28,2024-04-07,Sun,Chaves,Portimonense,2120.0,12000,17.7%
28,2024-04-07,Sun,Moreirense,Estrela da Amadora,1360.0,13000,10.5%
28,2024-04-07,Sun,FC Porto,Vitoria de Guimaraes,34582.0,50399,68.6%
28,2024-04-08,Mon,Casa Pia AC,Estoril,1391.0,8500,16.4%
29,2024-04-12,Fri,Gil Vicente,Sporting CP,11121.0,12046,92.3%
29,2024-04-13,Sat,Vitoria de Guimaraes,Farense,19982.0,30165,66.2%
29,2024-04-13,Sat,FC Porto,Famalicao,30510.0,50399,60.5%
29,2024-04-13,Sat,Estoril,Braga,3639.0,8015,45.4%
29,2024-04-14,Sun,Estrela da Amadora,Rio Ave,5372.0,9288,57.8%
29,2024-04-14,Sun,Arouca,Boavista,2301.0,7000,32.9%
29,2024-04-14,Sun,Portimonense,Casa Pia AC,1683.0,9544,17.6%
29,2024-04-14,Sun,Benfica,Moreirense,49083.0,65647,74.8%
29,2024-04-15,Mon,Vizela,Chaves,2895.0,6565,44.1%
20,2024-04-16,Tue,Famalicao,Sporting CP,4944.0,8000,61.8%
30,2024-04-19,Fri,Rio Ave,Arouca,3225.0,12815,25.2%
30,2024-04-20,Sat,Moreirense,Gil Vicente,1398.0,13000,10.8%
30,2024-04-20,Sat,Boavista,Estrela da Amadora,19263.0,28263,68.2%
30,2024-04-20,Sat,Braga,Vizela,12932.0,30286,42.7%
30,2024-04-21,Sun,Chaves,Estoril,2337.0,12000,19.5%
30,2024-04-21,Sun,Famalicao,Portimonense,3729.0,8000,46.6%
30,2024-04-21,Sun,Casa Pia AC,FC Porto,3387.0,8500,39.8%
30,2024-04-21,Sun,Sporting CP,Vitoria de Guimaraes,46101.0,50466,91.4%
30,2024-04-22,Mon,Farense,Benfica,6309.0,12000,52.6%
31,2024-04-26,Fri,Gil Vicente,Arouca,3401.0,12046,28.2%
31,2024-04-27,Sat,Casa Pia AC,Chaves,1044.0,8500,12.3%
31,2024-04-27,Sat,Vizela,Rio Ave,2423.0,6565,36.9%
31,2024-04-27,Sat,Benfica,Braga,55727.0,65647,84.9%
31,2024-04-27,Sat,Vitoria de Guimaraes,Boavista,16839.0,30165,55.8%
31,2024-04-28,Sun,Portimonense,Moreirense,1810.0,9544,19.0%
31,2024-04-28,Sun,Estoril,Famalicao,3191.0,8015,39.8%
31,2024-04-28,Sun,FC Porto,Sporting CP,45230.0,50399,89.7%
31,2024-04-29,Mon,Estrela da Amadora,Farense,5384.0,9288,58.0%
32,2024-05-03,Fri,Moreirense,Vizela,2108.0,13000,16.2%
32,2024-05-04,Sat,Boavista,Gil Vicente,17465.0,28263,61.8%
32,2024-05-04,Sat,Rio Ave,Vitoria de Guimaraes,3624.0,12815,28.3%
32,2024-05-04,Sat,Sporting CP,Portimonense,49557.0,50466,98.2%
32,2024-05-04,Sat,Chaves,FC Porto,3439.0,12000,28.7%
32,2024-05-05,Sun,Farense,Estoril,5508.0,12000,45.9%
32,2024-05-05,Sun,Arouca,Estrela da Amadora,1079.0,7000,15.4%
32,2024-05-05,Sun,Braga,Casa Pia AC,10894.0,30286,36.0%
32,2024-05-05,Sun,Famalicao,Benfica,4827.0,8000,60.3%
33,2024-05-10,Fri,Chaves,Famalicao,1528.0,12000,12.7%
33,2024-05-11,Sat,Portimonense,Rio Ave,2528.0,9544,26.5%
33,2024-05-11,Sat,Vizela,Estrela da Amadora,1612.0,6565,24.6%
33,2024-05-11,Sat,Estoril,Sporting CP,5018.0,8015,62.6%
33,2024-05-11,Sat,Vitoria de Guimaraes,Braga,25224.0,30165,83.6%
33,2024-05-12,Sun,Gil Vicente,Farense,5831.0,12046,48.4%
33,2024-05-12,Sun,Benfica,Arouca,49364.0,65647,75.2%
33,2024-05-12,Sun,Casa Pia AC,Moreirense,1837.0,8500,21.6%
33,2024-05-12,Sun,FC Porto,Boavista,33031.0,50399,65.5%
34,2024-05-17,Fri,Famalicao,Casa Pia AC,3115.0,8000,38.9%
34,2024-05-17,Fri,Rio Ave,Benfica,4809.0,12815,37.5%
34,2024-05-18,Sat,Arouca,Vitoria de Guimaraes,2208.0,7000,31.5%
34,2024-05-18,Sat,Boavista,Vizela,19874.0,28263,70.3%
34,2024-05-18,Sat,Estrela da Amadora,Gil Vicente,7331.0,9288,78.9%
34,2024-05-18,Sat,Farense,Portimonense,5888.0,12000,49.1%
34,2024-05-18,Sat,Moreirense,Estoril,1697.0,13000,13.1%
34,2024-05-18,Sat,Sporting CP,Chaves,48628.0,50466,96.4%
34,2024-05-18,Sat,Braga,FC Porto,23284.0,30286,76.9%
1,2024-08-09,Fri,Sporting CP,Rio Ave,38513.0,50466,76.3%
1,2024-08-10,Sat,AVS Futebol SAD,Nacional,1596.0,8560,18.6%
1,2024-08-10,Sat,Casa Pia AC,Boavista,1142.0,2574,44.4%
1,2024-08-10,Sat,FC Porto,Gil Vicente,46813.0,50399,92.9%
1,2024-08-11,Sun,Estoril,Santa Clara,1968.0,8015,24.6%
1,2024-08-11,Sun,Famalicao,Benfica,5025.0,8000,62.8%
1,2024-08-11,Sun,Farense,Moreirense,5255.0,12000,43.8%
1,2024-08-11,Sun,Braga,Estrela da Amadora,14746.0,30286,48.7%
1,2024-08-12,Mon,Arouca,Vitoria de Guimaraes,3394.0,7000,48.5%
2,2024-08-16,Fri,Santa Clara,FC Porto,100.0,13277,0.8%
2,2024-08-16,Fri,Gil Vicente,AVS Futebol SAD,3649.0,12046,30.3%
2,2024-08-17,Sat,Rio Ave,Farense,3177.0,12815,24.8%
2,2024-08-17,Sat,Nacional,Sporting CP,5058.0,5132,98.6%
2,2024-08-17,Sat,Benfica,Casa Pia AC,58926.0,65647,89.8%
2,2024-08-18,Sun,Moreirense,Arouca,1527.0,13000,11.7%
2,2024-08-18,Sun,Vitoria de Guimaraes,Estoril,17331.0,30165,57.5%
2,2024-08-18,Sun,Boavista,Braga,7119.0,28263,25.2%
2,2024-08-19,Mon,Estrela da Amadora,Famalicao,4769.0,9288,51.3%
3,2024-08-23,Fri,Farense,Sporting CP,17793.0,30305,58.7%
3,2024-08-24,Sat,Casa Pia AC,Santa Clara,1188.0,2574,46.2%
3,2024-08-24,Sat,FC Porto,Rio Ave,47113.0,50399,93.5%
3,2024-08-24,Sat,Benfica,Estrela da Amadora,59490.0,65647,90.6%
3,2024-08-24,Sat,Famalicao,Boavista,4769.0,8000,59.6%
3,2024-08-25,Sun,Arouca,Nacional,2081.0,7000,29.7%
3,2024-08-25,Sun,Estoril,Gil Vicente,2010.0,8015,25.1%
3,2024-08-25,Sun,AVS Futebol SAD,Vitoria de Guimaraes,4485.0,8560,52.4%
3,2024-08-25,Sun,Braga,Moreirense,14155.0,30286,46.7%
4,2024-08-30,Fri,Moreirense,Benfica,5817.0,13000,44.7%
4,2024-08-31,Sat,Santa Clara,AVS Futebol SAD,1935.0,13277,14.6%
4,2024-08-31,Sat,Boavista,Estoril,3956.0,28263,14.0%
4,2024-08-31,Sat,Estrela da Amadora,Casa Pia AC,3471.0,9288,37.4%
4,2024-08-31,Sat,Sporting CP,FC Porto,46413.0,50466,92.0%
4,2024-09-01,Sun,Nacional,Farense,2038.0,5132,39.7%
4,2024-09-01,Sun,Rio Ave,Arouca,2558.0,12815,20.0%
4,2024-09-01,Sun,Gil Vicente,Braga,7140.0,12046,59.3%
4,2024-09-01,Sun,Vitoria de Guimaraes,Famalicao,20134.0,30165,66.7%
5,2024-09-13,Fri,Arouca,Sporting CP,4644.0,7000,66.3%
5,2024-09-14,Sat,Casa Pia AC,Moreirense,1248.0,8500,14.7%
5,2024-09-14,Sat,AVS Futebol SAD,Rio Ave,2151.0,8560,25.1%
5,2024-09-14,Sat,Benfica,Santa Clara,60145.0,65647,91.6%
5,2024-09-14,Sat,Famalicao,Gil Vicente,4112.0,8000,51.4%
5,2024-09-15,Sun,FC Porto,Farense,47013.0,50399,93.3%
5,2024-09-15,Sun,Estoril,Nacional,2128.0,8015,26.6%
5,2024-09-15,Sun,Braga,Vitoria de Guimaraes,21215.0,30286,70.0%
5,2024-09-16,Mon,Estrela da Amadora,Boavista,3476.0,9288,37.4%
6,2024-09-20,Fri,Nacional,Braga,2459.0,5132,47.9%
6,2024-09-21,Sat,Rio Ave,Estoril,3014.0,12815,23.5%
6,2024-09-21,Sat,Santa Clara,Estrela da Amadora,2123.0,13277,16.0%
6,2024-09-21,Sat,Vitoria de Guimaraes,FC Porto,26377.0,30165,87.4%
6,2024-09-21,Sat,Moreirense,Famalicao,2022.0,13000,15.6%
6,2024-09-22,Sun,Gil Vicente,Casa Pia AC,3825.0,12046,31.8%
6,2024-09-22,Sun,Farense,Arouca,5057.0,12000,42.1%
6,2024-09-22,Sun,Sporting CP,AVS Futebol SAD,43039.0,50466,85.3%
6,2024-09-23,Mon,Boavista,Benfica,16151.0,28263,57.1%
7,2024-09-27,Fri,Estoril,Sporting CP,4658.0,8015,58.1%
7,2024-09-28,Sat,Estrela da Amadora,Moreirense,2987.0,9288,32.2%
7,2024-09-28,Sat,Casa Pia AC,Vitoria de Guimaraes,2632.0,8500,31.0%
7,2024-09-28,Sat,Benfica,Gil Vicente,58965.0,65647,89.8%
7,2024-09-29,Sun,Famalicao,Nacional,3974.0,8000,49.7%
7,2024-09-29,Sun,FC Porto,Arouca,44209.0,50399,87.7%
7,2024-09-29,Sun,Braga,Rio Ave,11888.0,30286,39.3%
7,2024-09-29,Sun,Santa Clara,Boavista,1320.0,13277,9.9%
7,2024-09-30,Mon,AVS Futebol SAD,Farense,1615.0,8560,18.9%
8,2024-10-04,Fri,Rio Ave,Famalicao,2708.0,12815,21.1%
8,2024-10-05,Sat,Gil Vicente,Estrela da Amadora,2709.0,12046,22.5%
8,2024-10-05,Sat,Moreirense,Santa Clara,1798.0,13000,13.8%
8,2024-10-05,Sat,Arouca,AVS Futebol SAD,1113.0,7000,15.9%
8,2024-10-05,Sat,Sporting CP,Casa Pia AC,42887.0,50466,85.0%
8,2024-10-06,Sun,Farense,Estoril,4921.0,12000,41.0%
8,2024-10-06,Sun,Vitoria de Guimaraes,Boavista,15961.0,30165,52.9%
8,2024-10-06,Sun,FC Porto,Braga,44813.0,50399,88.9%
9,2024-10-25,Fri,Casa Pia AC,Nacional,1004.0,8500,11.8%
9,2024-10-25,Fri,Santa Clara,Gil Vicente,1676.0,13277,12.6%
9,2024-10-26,Sat,Estoril,Arouca,1686.0,8015,21.0%
9,2024-10-26,Sat,Boavista,Moreirense,3697.0,28263,13.1%
9,2024-10-26,Sat,Famalicao,Sporting CP,4520.0,8000,56.5%
9,2024-10-27,Sun,Braga,Farense,12841.0,30286,42.4%
9,2024-10-27,Sun,Benfica,Rio Ave,58961.0,65647,89.8%
9,2024-10-27,Sun,Estrela da Amadora,Vitoria de Guimaraes,2319.0,9288,25.0%
9,2024-10-28,Mon,AVS Futebol SAD,FC Porto,4795.0,8560,56.0%
10,2024-11-01,Fri,Sporting CP,Estrela da Amadora,41282.0,50466,81.8%
10,2024-11-02,Sat,Rio Ave,Casa Pia AC,2323.0,12815,18.1%
10,2024-11-02,Sat,Farense,Benfica,12649.0,30305,41.7%
10,2024-11-02,Sat,Gil Vicente,Boavista,4221.0,12046,35.0%
10,2024-11-03,Sun,AVS Futebol SAD,Famalicao,2429.0,8560,28.4%
10,2024-11-03,Sun,Arouca,Braga,1631.0,7000,23.3%
10,2024-11-03,Sun,Vitoria de Guimaraes,Moreirense,18031.0,30165,59.8%
10,2024-11-03,Sun,FC Porto,Estoril,39019.0,50399,77.4%
10,2024-11-04,Mon,Nacional,Santa Clara,1425.0,5132,27.8%
11,2024-11-08,Fri,Moreirense,Gil Vicente,1316.0,13000,10.1%
11,2024-11-09,Sat,Casa Pia AC,Farense,1202.0,8500,14.1%
11,2024-11-09,Sat,Estoril,AVS Futebol SAD,1912.0,8015,23.9%
11,2024-11-09,Sat,Famalicao,Arouca,3551.0,8000,44.4%
11,2024-11-09,Sat,Boavista,Rio Ave,4495.0,28263,15.9%
11,2024-11-10,Sun,Estrela da Amadora,Nacional,3386.0,9288,36.5%
11,2024-11-10,Sun,Santa Clara,Vitoria de Guimaraes,2512.0,13277,18.9%
11,2024-11-10,Sun,Braga,Sporting CP,20585.0,30286,68.0%
11,2024-11-10,Sun,Benfica,FC Porto,63342.0,65647,96.5%
12,2024-11-29,Fri,Farense,Estrela da Amadora,5178.0,12000,43.1%
12,2024-11-30,Sat,Rio Ave,Moreirense,2009.0,12815,15.7%
12,2024-11-30,Sat,Nacional,Boavista,1516.0,5132,29.5%
12,2024-11-30,Sat,Sporting CP,Santa Clara,41681.0,50466,82.6%
12,2024-12-01,Sun,Estoril,Famalicao,2047.0,8015,25.5%
12,2024-12-01,Sun,Arouca,Benfica,4644.0,7000,66.3%
12,2024-12-01,Sun,AVS Futebol SAD,Braga,2579.0,8560,30.1%
12,2024-12-02,Mon,Vitoria de Guimaraes,Gil Vicente,11317.0,30165,37.5%
12,2024-12-02,Mon,FC Porto,Casa Pia AC,32810.0,50399,65.1%
13,2024-12-05,Thu,Moreirense,Sporting CP,5154.0,13000,39.6%
13,2024-12-06,Fri,Braga,Estoril,9071.0,30286,30.0%
13,2024-12-07,Sat,Gil Vicente,Nacional,2643.0,12046,21.9%
13,2024-12-07,Sat,Benfica,Vitoria de Guimaraes,58839.0,65647,89.6%
13,2024-12-07,Sat,Santa Clara,Rio Ave,1564.0,13277,11.8%
13,2024-12-07,Sat,Famalicao,FC Porto,4499.0,8000,56.2%
13,2024-12-08,Sun,Boavista,Farense,3845.0,28263,13.6%
13,2024-12-08,Sun,Casa Pia AC,AVS Futebol SAD,1147.0,8500,13.5%
13,2024-12-09,Mon,Estrela da Amadora,Arouca,2083.0,9288,22.4%
14,2024-12-14,Sat,Farense,Gil Vicente,4761.0,12000,39.7%
14,2024-12-14,Sat,Nacional,Moreirense,1471.0,5132,28.7%
14,2024-12-14,Sat,Sporting CP,Boavista,34094.0,50466,67.6%
14,2024-12-15,Sun,Arouca,Santa Clara,1307.0,7000,18.7%
14,2024-12-15,Sun,AVS Futebol SAD,Benfica,5473.0,8560,63.9%
14,2024-12-15,Sun,Estoril,Casa Pia AC,1873.0,8015,23.4%
14,2024-12-16,Mon,Braga,Famalicao,8322.0,30286,27.5%
14,2024-12-16,Mon,FC Porto,Estrela da Amadora,32116.0,50399,63.7%
14,2024-12-16,Mon,Rio Ave,Vitoria de Guimaraes,2897.0,12815,22.6%
8,2024-12-19,Thu,Nacional,Benfica,5086.0,5132,99.1%
15,2024-12-20,Fri,Casa Pia AC,Arouca,912.0,8500,10.7%
15,2024-12-21,Sat,Famalicao,Farense,3072.0,8000,38.4%
15,2024-12-21,Sat,Boavista,AVS Futebol SAD,3321.0,28263,11.8%
15,2024-12-21,Sat,Moreirense,FC Porto,4553.0,13000,35.0%
15,2024-12-22,Sun,Santa Clara,Braga,4041.0,13277,30.4%
15,2024-12-22,Sun,Gil Vicente,Sporting CP,9794.0,12046,81.3%
15,2024-12-23,Mon,Benfica,Estoril,60572.0,65647,92.3%
15,2024-12-23,Mon,Vitoria de Guimaraes,Nacional,17423.0,30165,57.8%
15,2024-12-23,Mon,Estrela da Amadora,Rio Ave,2202.0,9288,23.7%
16,2024-12-27,Fri,Arouca,Gil Vicente,1743.0,7000,24.9%
16,2024-12-28,Sat,AVS Futebol SAD,Estrela da Amadora,1262.0,8560,14.7%
16,2024-12-28,Sat,Estoril,Moreirense,2246.0,8015,28.0%
16,2024-12-28,Sat,FC Porto,Boavista,47509.0,50399,94.3%
16,2024-12-29,Sun,Farense,Vitoria de Guimaraes,6012.0,12000,50.1%
16,2024-12-29,Sun,Rio Ave,Nacional,2729.0,12815,21.3%
16,2024-12-29,Sun,Braga,Casa Pia AC,20819.0,30286,68.7%
16,2024-12-29,Sun,Sporting CP,Benfica,48076.0,50466,95.3%
16,2024-12-30,Mon,Famalicao,Santa Clara,3818.0,8000,47.7%
17,2025-01-03,Fri,Vitoria de Guimaraes,Sporting CP,26549.0,30165,88.0%
17,2025-01-04,Sat,Moreirense,AVS Futebol SAD,2327.0,13000,17.9%
17,2025-01-04,Sat,Benfica,Braga,61750.0,65647,94.1%
17,2025-01-04,Sat,Boavista,Arouca,3559.0,28263,12.6%
17,2025-01-05,Sun,Santa Clara,Farense,2291.0,13277,17.3%
17,2025-01-05,Sun,Casa Pia AC,Famalicao,974.0,8500,11.5%
17,2025-01-05,Sun,Estrela da Amadora,Estoril,1756.0,9288,18.9%
17,2025-01-06,Mon,Gil Vicente,Rio Ave,3348.0,12046,27.8%
17,2025-01-12,Sun,Nacional,FC Porto,4466.0,5132,87.0%
18,2025-01-17,Fri,Benfica,Famalicao,53985.0,65647,82.2%
18,2025-01-18,Sat,Santa Clara,Estoril,1724.0,13277,13.0%
18,2025-01-18,Sat,Rio Ave,Sporting CP,4756.0,12815,37.1%
18,2025-01-18,Sat,Vitoria de Guimaraes,Arouca,13916.0,30165,46.1%
18,2025-01-19,Sun,Moreirense,Farense,1369.0,13000,10.5%
18,2025-01-19,Sun,Nacional,AVS Futebol SAD,2061.0,5132,40.2%
18,2025-01-19,Sun,Estrela da Amadora,Braga,2719.0,9288,29.3%
18,2025-01-19,Sun,Gil Vicente,FC Porto,7412.0,12046,61.5%
18,2025-01-20,Mon,Boavista,Casa Pia AC,2178.0,28263,7.7%
19,2025-01-24,Fri,Arouca,Moreirense,756.0,7000,10.8%
19,2025-01-25,Sat,Famalicao,Estrela da Amadora,2716.0,8000,34.0%
19,2025-01-25,Sat,Farense,Rio Ave,5200.0,12000,43.3%
19,2025-01-25,Sat,Casa Pia AC,Benfica,7051.0,8500,83.0%
19,2025-01-25,Sat,Sporting CP,Nacional,42420.0,50466,84.1%
19,2025-01-26,Sun,Estoril,Vitoria de Guimaraes,2660.0,8015,33.2%
19,2025-01-26,Sun,FC Porto,Santa Clara,27793.0,50399,55.1%
19,2025-01-26,Sun,Braga,Boavista,4265.0,30286,14.1%
19,2025-01-27,Mon,AVS Futebol SAD,Gil Vicente,726.0,8560,8.5%
20,2025-01-31,Fri,Boavista,Famalicao,2904.0,28263,10.3%
20,2025-02-01,Sat,Nacional,Arouca,1989.0,5132,38.8%
20,2025-02-01,Sat,Santa Clara,Casa Pia AC,2019.0,13277,15.2%
20,2025-02-01,Sat,Gil Vicente,Estoril,3949.0,12046,32.8%
20,2025-02-01,Sat,Vitoria de Guimaraes,AVS Futebol SAD,13647.0,30165,45.2%
20,2025-02-02,Sun,Sporting CP,Farense,43023.0,50466,85.3%
20,2025-02-02,Sun,Estrela da Amadora,Benfica,6243.0,9288,67.2%
20,2025-02-03,Mon,Moreirense,Braga,2175.0,13000,16.7%
20,2025-02-03,Mon,Rio Ave,FC Porto,4100.0,12815,32.0%
21,2025-02-07,Fri,FC Porto,Sporting CP,49193.0,50399,97.6%
21,2025-02-08,Sat,AVS Futebol SAD,Santa Clara,1135.0,8560,13.3%
21,2025-02-08,Sat,Benfica,Moreirense,58189.0,65647,88.6%
21,2025-02-08,Sat,Famalicao,Vitoria de Guimaraes,3297.0,8000,41.2%
21,2025-02-09,Sun,Estoril,Boavista,3064.0,8015,38.2%
21,2025-02-09,Sun,Farense,Nacional,5830.0,12000,48.6%
21,2025-02-09,Sun,Braga,Gil Vicente,12304.0,30286,40.6%
21,2025-02-09,Sun,Casa Pia AC,Estrela da Amadora,1042.0,8500,12.3%
21,2025-02-10,Mon,Arouca,Rio Ave,1245.0,7000,17.8%
22,2025-02-14,Fri,Boavista,Estrela da Amadora,4494.0,28263,15.9%
22,2025-02-15,Sat,Moreirense,Casa Pia AC,1629.0,13000,12.5%
22,2025-02-15,Sat,Nacional,Estoril,1784.0,5132,34.8%
22,2025-02-15,Sat,Santa Clara,Benfica,9933.0,13277,74.8%
22,2025-02-15,Sat,Sporting CP,Arouca,39258.0,50466,77.8%
22,2025-02-16,Sun,Rio Ave,AVS Futebol SAD,2206.0,12815,17.2%
22,2025-02-16,Sun,Farense,FC Porto,15302.0,12000,127.5%
22,2025-02-16,Sun,Vitoria de Guimaraes,Braga,28133.0,30165,93.3%
22,2025-02-17,Mon,Gil Vicente,Famalicao,4490.0,12046,37.3%
23,2025-02-21,Fri,Braga,Nacional,7872.0,30286,26.0%
23,2025-02-22,Sat,Casa Pia AC,Gil Vicente,1135.0,8500,13.4%
23,2025-02-22,Sat,Benfica,Boavista,58022.0,65647,88.4%
23,2025-02-22,Sat,Estoril,Rio Ave,2721.0,8015,33.9%
23,2025-02-23,Sun,Arouca,Farense,1705.0,7000,24.4%
23,2025-02-23,Sun,Estrela da Amadora,Santa Clara,3481.0,9288,37.5%
23,2025-02-23,Sun,AVS Futebol SAD,Sporting CP,4262.0,8560,49.8%
23,2025-02-23,Sun,Famalicao,Moreirense,3641.0,8000,45.5%
23,2025-02-24,Mon,FC Porto,Vitoria de Guimaraes,44142.0,50399,87.6%
24,2025-03-01,Sat,Nacional,Famalicao,1466.0,5132,28.6%
24,2025-03-01,Sat,Arouca,FC Porto,3114.0,7000,44.5%
24,2025-03-01,Sat,Vitoria de Guimaraes,Casa Pia AC,14798.0,30165,49.1%
24,2025-03-02,Sun,Boavista,Santa Clara,5864.0,28263,20.7%
24,2025-03-02,Sun,Moreirense,Estrela da Amadora,1498.0,13000,11.5%
24,2025-03-02,Sun,Farense,AVS Futebol SAD,5967.0,12000,49.7%
24,2025-03-02,Sun,Rio Ave,Braga,3234.0,12815,25.2%
24,2025-03-03,Mon,Sporting CP,Estoril,36505.0,50466,72.3%
25,2025-03-07,Fri,Estrela da Amadora,Gil Vicente,1945.0,9288,20.9%
25,2025-03-08,Sat,AVS Futebol SAD,Arouca,759.0,8560,8.9%
25,2025-03-08,Sat,Benfica,Nacional,52543.0,65647,80.0%
25,2025-03-08,Sat,Estoril,Farense,1487.0,8015,18.6%
25,2025-03-08,Sat,Braga,FC Porto,15922.0,30286,52.6%
25,2025-03-09,Sun,Santa Clara,Moreirense,,13277,
25,2025-03-09,Sun,Casa Pia AC,Sporting CP,6823.0,8500,80.3%
25,2025-03-09,Sun,Boavista,Vitoria de Guimaraes,16820.0,28263,59.5%
25,2025-03-10,Mon,Famalicao,Rio Ave,1780.0,8000,22.2%
26,2025-03-15,Sat,Farense,Braga,6064.0,12000,50.5%
26,2025-03-15,Sat,Gil Vicente,Santa Clara,4248.0,12046,35.3%
26,2025-03-15,Sat,FC Porto,AVS Futebol SAD,37286.0,50399,74.0%
26,2025-03-15,Sat,Sporting CP,Famalicao,41791.0,50466,82.8%
26,2025-03-16,Sun,Arouca,Estoril,1643.0,7000,23.5%
26,2025-03-16,Sun,Nacional,Casa Pia AC,1556.0,5132,30.3%
26,2025-03-16,Sun,Rio Ave,Benfica,4753.0,12815,37.1%
26,2025-03-16,Sun,Moreirense,Boavista,1521.0,13000,11.7%
26,2025-03-16,Sun,Vitoria de Guimaraes,Estrela da Amadora,13974.0,30165,46.3%
24,2025-03-28,Fri,Gil Vicente,Benfica,11010.0,12046,91.4%
27,2025-03-29,Sat,Casa Pia AC,Rio Ave,1206.0,8500,14.2%
27,2025-03-29,Sat,Estrela da Amadora,Sporting CP,7031.0,9288,75.7%
27,2025-03-29,Sat,Braga,Arouca,12122.0,30286,40.0%
27,2025-03-30,Sun,Famalicao,AVS Futebol SAD,4163.0,8000,52.0%
27,2025-03-30,Sun,Santa Clara,Nacional,2038.0,13277,15.3%
27,2025-03-30,Sun,Estoril,FC Porto,4762.0,8015,59.4%
27,2025-03-30,Sun,Moreirense,Vitoria de Guimaraes,3795.0,13000,29.2%
27,2025-04-01,Tue,Boavista,Gil Vicente,4731.0,28263,16.7%
27,2025-04-02,Wed,Benfica,Farense,51790.0,65647,78.9%
28,2025-04-04,Fri,AVS Futebol SAD,Estoril,743.0,8560,8.7%
28,2025-04-05,Sat,Arouca,Famalicao,1699.0,7000,24.3%
28,2025-04-05,Sat,Vitoria de Guimaraes,Santa Clara,15143.0,30165,50.2%
28,2025-04-06,Sun,Gil Vicente,Moreirense,5981.0,12046,49.7%
28,2025-04-06,Sun,Nacional,Estrela da Amadora,1872.0,5132,36.5%
28,2025-04-06,Sun,FC Porto,Benfica,49193.0,50399,97.6%
28,2025-04-07,Mon,Farense,Casa Pia AC,5527.0,12000,46.1%
28,2025-04-07,Mon,Rio Ave,Boavista,1060.0,12815,8.3%
28,2025-04-07,Mon,Sporting CP,Braga,45626.0,50466,90.4%
29,2025-04-11,Fri,Gil Vicente,Vitoria de Guimaraes,6588.0,12046,54.7%
29,2025-04-12,Sat,Boavista,Nacional,6280.0,28263,22.2%
29,2025-04-12,Sat,Famalicao,Estoril,3003.0,8000,37.5%
29,2025-04-12,Sat,Santa Clara,Sporting CP,8914.0,13277,67.1%
29,2025-04-12,Sat,Casa Pia AC,FC Porto,3649.0,8500,42.9%
29,2025-04-13,Sun,Estrela da Amadora,Farense,4103.0,9288,44.2%
29,2025-04-13,Sun,Benfica,Arouca,61581.0,65647,93.8%
29,2025-04-13,Sun,Braga,AVS Futebol SAD,14529.0,30286,48.0%
29,2025-04-13,Sun,Moreirense,Rio Ave,1388.0,13000,10.7%
30,2025-04-18,Fri,Farense,Boavista,6171.0,12000,51.4%
30,2025-04-18,Fri,Rio Ave,Santa Clara,921.0,9146,10.1%
30,2025-04-18,Fri,FC Porto,Famalicao,39286.0,50399,77.9%
30,2025-04-18,Fri,Sporting CP,Moreirense,44558.0,50466,88.3%
30,2025-04-19,Sat,AVS Futebol SAD,Casa Pia AC,2057.0,8560,24.0%
30,2025-04-19,Sat,Nacional,Gil Vicente,2998.0,5132,58.4%
30,2025-04-19,Sat,Arouca,Estrela da Amadora,1227.0,7000,17.5%
30,2025-04-19,Sat,Estoril,Braga,3656.0,8015,45.6%
30,2025-04-19,Sat,Vitoria de Guimaraes,Benfica,23341.0,30165,77.4%
31,2025-04-25,Fri,Famalicao,Braga,4665.0,8000,58.3%
31,2025-04-26,Sat,Santa Clara,Arouca,1534.0,13277,11.6%
31,2025-04-26,Sat,Gil Vicente,Farense,5611.0,12046,46.6%
31,2025-04-26,Sat,Estrela da Amadora,FC Porto,4273.0,9288,46.0%
31,2025-04-27,Sun,Moreirense,Nacional,1214.0,13000,9.3%
31,2025-04-27,Sun,Benfica,AVS Futebol SAD,58102.0,65647,88.5%
31,2025-04-27,Sun,Vitoria de Guimaraes,Rio Ave,17304.0,30165,57.4%
31,2025-04-27,Sun,Boavista,Sporting CP,18322.0,28263,64.8%
31,2025-04-29,Tue,Casa Pia AC,Estoril,1032.0,8500,12.1%
32,2025-05-02,Fri,FC Porto,Moreirense,27374.0,50399,54.3%
32,2025-05-03,Sat,Farense,Famalicao,4171.0,12000,34.8%
32,2025-05-03,Sat,Nacional,Vitoria de Guimaraes,1911.0,5132,37.2%
32,2025-05-03,Sat,Braga,Santa Clara,14901.0,30286,49.2%
32,2025-05-03,Sat,Estoril,Benfica,5026.0,8015,62.7%
32,2025-05-04,Sun,Arouca,Casa Pia AC,1032.0,7000,14.7%
32,2025-05-04,Sun,Sporting CP,Gil Vicente,44666.0,50466,88.5%
32,2025-05-05,Mon,Rio Ave,Estrela da Amadora,689.0,12815,5.4%
32,2025-05-05,Mon,AVS Futebol SAD,Boavista,2605.0,8560,30.4%
33,2025-05-10,Sat,Nacional,Rio Ave,1568.0,5132,30.6%
33,2025-05-10,Sat,Santa Clara,Famalicao,1618.0,13277,12.2%
33,2025-05-10,Sat,Benfica,Sporting CP,63478.0,65647,96.7%
33,2025-05-10,Sat,Casa Pia AC,Braga,1342.0,8500,15.8%
33,2025-05-10,Sat,Gil Vicente,Arouca,6819.0,12046,56.6%
33,2025-05-11,Sun,Estrela da Amadora,AVS Futebol SAD,6728.0,9288,72.4%
33,2025-05-11,Sun,Moreirense,Estoril,1472.0,13000,11.3%
33,2025-05-11,Sun,Vitoria de Guimaraes,Farense,20226.0,30165,67.1%
33,2025-05-11,Sun,Boavista,FC Porto,14860.0,28263,52.6%
34,2025-05-16,Fri,Famalicao,Casa Pia AC,4130.0,8000,51.6%
34,2025-05-16,Fri,Rio Ave,Gil Vicente,909.0,9146,9.9%
34,2025-05-17,Sat,Arouca,Boavista,2911.0,7000,41.6%
34,2025-05-17,Sat,AVS Futebol SAD,Moreirense,2247.0,8560,26.2%
34,2025-05-17,Sat,Braga,Benfica,20198.0,30286,66.7%
34,2025-05-17,Sat,Estoril,Estrela da Amadora,2386.0,8015,29.8%
34,2025-05-17,Sat,Farense,Santa Clara,5954.0,12000,49.6%
34,2025-05-17,Sat,FC Porto,Nacional,34674.0,50399,68.8%
34,2025-05-17,Sat,Sporting CP,Vitoria de Guimaraes,49155.0,50466,97.4%
1,2025-08-08,Fri,Casa Pia AC,Sporting CP,6981,8500,82.1%
1,2025-08-09,Sat,Nacional,Gil Vicente,1663,5132,32.4%
1,2025-08-09,Sat,Arouca,AVS Futebol SAD,2003,7000,28.6%
1,2025-08-10,Sun,Famalicao,Santa Clara,4300,8000,53.8%
1,2025-08-10,Sun,Braga,Tondela,17174,30286,56.7%
1,2025-08-10,Sun,Moreirense,Alverca,2550,13000,19.6%
1,2025-08-11,Mon,Estoril,Estrela da Amadora,2781,8015,34.7%
1,2025-08-11,Mon,FC Porto,Vitoria de Guimaraes,48534,50399,96.3%
2,2025-08-15,Fri,AVS Futebol SAD,Casa Pia AC,1225,8560,14.3%
2,2025-08-16,Sat,Tondela,Famalicao,532,8500,6.3%
2,2025-08-16,Sat,Vitoria de Guimaraes,Estoril,18926,30165,62.7%
2,2025-08-16,Sat,Estrela da Amadora,Benfica,6249,9288,67.3%
2,2025-08-17,Sun,Rio Ave,Nacional,2452,12815,19.1%
2,2025-08-17,Sun,Alverca,Braga,2776,7705,36.0%
2,2025-08-17,Sun,Santa Clara,Moreirense,1695,13277,12.8%
2,2025-08-17,Sun,Sporting CP,Arouca,41986,50466,83.2%
2,2025-08-18,Mon,Gil Vicente,FC Porto,11066,12046,91.9%
3,2025-08-23,Sat,Moreirense,Vitoria de Guimaraes,4210,13000,32.4%
3,2025-08-23,Sat,Nacional,Sporting CP,4394,5132,85.6%
3,2025-08-23,Sat,Arouca,Rio Ave,1733,7000,24.8%
3,2025-08-23,Sat,Benfica,Tondela,61229,65647,93.3%
3,2025-08-24,Sun,Famalicao,Gil Vicente,4571,8000,57.1%
3,2025-08-24,Sun,FC Porto,Casa Pia AC,49045,50399,97.3%
3,2025-08-24,Sun,Braga,AVS Futebol SAD,15078,30286,49.8%
3,2025-08-25,Mon,Estrela da Amadora,Alverca,3411,9288,36.7%
4,2025-08-29,Fri,Gil Vicente,Moreirense,5693,12046,47.3%
4,2025-08-30,Sat,Casa Pia AC,Nacional,1351,8500,15.9%
4,2025-08-30,Sat,AVS Futebol SAD,Famalicao,1633,8560,19.1%
4,2025-08-30,Sat,Vitoria de Guimaraes,Arouca,14128,30165,46.8%
4,2025-08-30,Sat,Sporting CP,FC Porto,50946,50466,101.0%
4,2025-08-31,Sun,Tondela,Estoril,2226,7500,29.7%
4,2025-08-31,Sun,Alverca,Benfica,6532,7705,84.8%
4,2025-08-31,Sun,Rio Ave,Braga,3250,12815,25.4%
4,2025-08-31,Sun,Santa Clara,Estrela da Amadora,1938,13277,14.6%
3,2025-09-06,Sat,Estoril,Santa Clara,1852,8015,23.1%
5,2025-09-12,Fri,Alverca,Tondela,2037,7705,26.4%
5,2025-09-12,Fri,Benfica,Santa Clara,59507,65647,90.6%
5,2025-09-13,Sat,Estoril,AVS Futebol SAD,1752,8015,21.9%
5,2025-09-13,Sat,Moreirense,Rio Ave,1683,13000,12.9%
5,2025-09-13,Sat,FC Porto,Nacional,47285,50399,93.8%
5,2025-09-13,Sat,Famalicao,Sporting CP,4887,8000,61.1%
5,2025-09-14,Sun,Estrela da Amadora,Vitoria de Guimaraes,3044,9288,32.8%
5,2025-09-14,Sun,Arouca,Casa Pia AC,1358,7000,19.4%
5,2025-09-14,Sun,Braga,Gil Vicente,14118,30286,46.6%
6,2025-09-19,Fri,Rio Ave,FC Porto,4624,12815,36.1%
6,2025-09-20,Sat,Nacional,Arouca,1529,5132,29.8%
6,2025-09-20,Sat,Santa Clara,Alverca,1684,13277,12.7%
6,2025-09-20,Sat,AVS Futebol SAD,Benfica,5416,8560,63.3%
6,2025-09-20,Sat,Vitoria de Guimaraes,Braga,25114,30165,83.3%
6,2025-09-21,Sun,Tondela,Estrela da Amadora,1897,7500,25.3%
6,2025-09-21,Sun,Gil Vicente,Estoril,7259,12046,60.3%
6,2025-09-21,Sun,Casa Pia AC,Famalicao,1011,8500,11.9%
6,2025-09-22,Mon,Sporting CP,Moreirense,41710,50466,82.6%
1,2025-09-23,Tue,Benfica,Rio Ave,57059,65647,86.9%
7,2025-09-26,Fri,Benfica,Gil Vicente,57358,65647,87.4%
7,2025-09-27,Sat,Moreirense,Casa Pia AC,1821,13000,14.0%
7,2025-09-27,Sat,Santa Clara,Tondela,1808,13277,13.6%
7,2025-09-27,Sat,Estrela da Amadora,AVS Futebol SAD,1712,9288,18.4%
7,2025-09-27,Sat,Estoril,Sporting CP,4882,8015,60.9%
7,2025-09-28,Sun,Alverca,Vitoria de Guimaraes,2877,7705,37.3%
7,2025-09-28,Sun,Braga,Nacional,13502,30286,44.6%
7,2025-09-28,Sun,Famalicao,Rio Ave,3865,8000,48.3%
7,2025-09-29,Mon,Arouca,FC Porto,4192,7000,59.9%
8,2025-10-03,Fri,Casa Pia AC,Estoril,1145,8500,13.5%
8,2025-10-04,Sat,Gil Vicente,Estrela da Amadora,4960,12046,41.2%
8,2025-10-04,Sat,Nacional,Moreirense,1678,5132,32.7%
8,2025-10-04,Sat,AVS Futebol SAD,Alverca,1100,8560,12.9%
8,2025-10-04,Sat,Vitoria de Guimaraes,Santa Clara,14224,30165,47.2%
8,2025-10-05,Sun,Arouca,Famalicao,1491,7000,21.3%
8,2025-10-05,Sun,Rio Ave,Tondela,2066,12815,16.1%
8,2025-10-05,Sun,Sporting CP,Braga,46331,52095,88.9%
8,2025-10-05,Sun,FC Porto,Benfica,49520,50399,98.3%
9,2025-10-24,Fri,Alverca,Gil Vicente,2008,7705,26.1%
9,2025-10-25,Sat,Santa Clara,AVS Futebol SAD,1071,13277,8.1%
9,2025-10-25,Sat,Benfica,Arouca,60322,65647,91.9%
9,2025-10-25,Sat,Estrela da Amadora,Rio Ave,1827,9288,19.7%
9,2025-10-26,Sun,Estoril,Nacional,2687,8015,33.5%
9,2025-10-26,Sun,Famalicao,Vitoria de Guimaraes,4384,8000,54.8%
9,2025-10-26,Sun,Tondela,Sporting CP,4519,7500,60.3%
9,2025-10-26,Sun,Braga,Casa Pia AC,11384,30286,37.6%
9,2025-10-27,Mon,Moreirense,FC Porto,5658,13000,43.5%
10,2025-10-31,Fri,Sporting CP,Alverca,31833,52095,61.1%
10,2025-11-01,Sat,Nacional,Famalicao,1882,5200,36.2%
10,2025-11-01,Sat,Casa Pia AC,Estrela da Amadora,1214,8500,14.3%
10,2025-11-01,Sat,Rio Ave,Estoril,2039,12815,15.9%
10,2025-11-01,Sat,Vitoria de Guimaraes,Benfica,26127,30165,86.6%
10,2025-11-02,Sun,AVS Futebol SAD,Tondela,1050,8560,12.3%
10,2025-11-02,Sun,Arouca,Moreirense,1249,7000,17.8%
10,2025-11-02,Sun,FC Porto,Braga,48473,50399,96.2%
10,2025-11-03,Mon,Gil Vicente,Santa Clara,5475,12046,45.5%
11,2025-11-07,Fri,Estoril,Arouca,1856,8015,23.2%
11,2025-11-08,Sat,Alverca,Rio Ave,1645,7705,21.3%
11,2025-11-08,Sat,Tondela,Vitoria de Guimaraes,2718,7500,36.2%
11,2025-11-08,Sat,Santa Clara,Sporting CP,5970,13277,45.0%
11,2025-11-09,Sun,AVS Futebol SAD,Gil Vicente,1551,8560,18.1%
11,2025-11-09,Sun,Estrela da Amadora,Nacional,2658,9288,28.6%
11,2025-11-09,Sun,Famalicao,FC Porto,4906,8000,61.3%
11,2025-11-09,Sun,Benfica,Casa Pia AC,56428,65647,86.0%
11,2025-11-09,Sun,Braga,Moreirense,10290,30286,34.0%
12,2025-11-28,Fri,Vitoria de Guimaraes,AVS Futebol SAD,11976,30165,39.7%
12,2025-11-29,Sat,Casa Pia AC,Alverca,1127,8500,13.3%
12,2025-11-29,Sat,Moreirense,Famalicao,1999,13000,15.4%
12,2025-11-29,Sat,Nacional,Benfica,4826,5200,92.8%
12,2025-11-29,Sat,Gil Vicente,Tondela,4538,12046,37.7%
12,2025-11-30,Sun,Rio Ave,Santa Clara,2098,12815,16.4%
12,2025-11-30,Sun,Sporting CP,Estrela da Amadora,43722,52095,83.9%
12,2025-11-30,Sun,FC Porto,Estoril,45092,50399,89.5%
12,2025-12-01,Mon,Arouca,Braga,1447,7000,20.7%
13,2025-12-05,Fri,Benfica,Sporting CP,65247,65647,99.4%
13,2025-12-06,Sat,Santa Clara,Casa Pia AC,861,13277,6.5%
13,2025-12-06,Sat,AVS Futebol SAD,Rio Ave,1027,8560,12.0%
13,2025-12-06,Sat,Famalicao,Braga,2561,8000,32.0%
13,2025-12-07,Sun,Estoril,Moreirense,1964,8015,24.5%
13,2025-12-07,Sun,Alverca,Nacional,1396,7705,18.1%
13,2025-12-07,Sun,Estrela da Amadora,Arouca,3019,9288,32.5%
13,2025-12-07,Sun,Tondela,FC Porto,4133,7500,55.1%
13,2025-12-08,Mon,Vitoria de Guimaraes,Gil Vicente,13126,30165,43.5%
14,2025-12-13,Sat,Casa Pia AC,Gil Vicente,1033,8500,12.2%
14,2025-12-13,Sat,Rio Ave,Vitoria de Guimaraes,2521,12815,19.7%
14,2025-12-13,Sat,Sporting CP,AVS Futebol SAD,38713,52095,74.3%
14,2025-12-14,Sun,Famalicao,Estoril,3366,8000,42.1%
14,2025-12-14,Sun,Moreirense,Benfica,5518,13000,42.4%
14,2025-12-14,Sun,Arouca,Alverca,856,7000,12.2%
14,2025-12-15,Mon,Nacional,Tondela,1082,5200,20.8%
14,2025-12-15,Mon,Braga,Santa Clara,5369,30286,17.7%
14,2025-12-15,Mon,FC Porto,Estrela da Amadora,31247,50399,62.0%
15,2025-12-19,Fri,Estoril,Braga,2334,8015,29.1%
15,2025-12-20,Sat,Gil Vicente,Rio Ave,4187,12046,34.8%
15,2025-12-20,Sat,Estrela da Amadora,Moreirense,1614,9288,17.4%
15,2025-12-21,Sun,AVS Futebol SAD,Nacional,843,8560,9.8%
15,2025-12-21,Sun,Tondela,Casa Pia AC,1673,7500,22.3%
15,2025-12-21,Sun,Santa Clara,Arouca,2029,13277,15.3%
15,2025-12-22,Mon,Alverca,FC Porto,5634,7705,73.1%
15,2025-12-22,Mon,Benfica,Famalicao,57894,65647,88.2%
15,2025-12-23,Tue,Vitoria de Guimaraes,Sporting CP,25097,30165,83.2%
16,2025-12-27,Sat,Famalicao,Estrela da Amadora,3989,8000,49.9%
16,2025-12-27,Sat,Estoril,Alverca,1948,8015,24.3%
16,2025-12-28,Sun,Arouca,Gil Vicente,1903,7000,27.2%
16,2025-12-28,Sun,Casa Pia AC,Vitoria de Guimaraes,1574,8500,18.5%
16,2025-12-28,Sun,Braga,Benfica,24314,30286,80.3%
16,2025-12-28,Sun,Sporting CP,Rio Ave,47032,52095,90.3%
16,2025-12-29,Mon,FC Porto,AVS Futebol SAD,48097,50399,95.4%
17,2026-01-02,Fri,Gil Vicente,Sporting CP,8956,12046,74.3%
17,2026-01-02,Fri,Vitoria de Guimaraes,Nacional,13955,30165,46.3%
17,2026-01-03,Sat,Tondela,Arouca,1812,7500,24.2%
17,2026-01-03,Sat,Benfica,Estoril,59865,65647,91.2%
17,2026-01-03,Sat,Estrela da Amadora,Braga,2133,9288,23.0%
17,2026-01-03,Sat,AVS Futebol SAD,Moreirense,1754,8560,20.5%
17,2026-01-04,Sun,Rio Ave,Casa Pia AC,2067,12815,16.1%
17,2026-01-04,Sun,Santa Clara,FC Porto,5338,13277,40.2%
17,2026-01-04,Sun,Alverca,Famalicao,1454,7705,18.9%
16,2026-01-11,Sun,Nacional,Santa Clara,2068,5200,39.8%
16,2026-01-11,Sun,Moreirense,Tondela,1952,13000,15.0%
18,2026-01-16,Fri,Sporting CP,Casa Pia AC,34975,52095,67.1%
18,2026-01-17,Sat,Gil Vicente,Nacional,5209,12046,43.2%
18,2026-01-17,Sat,Alverca,Moreirense,1498,7705,19.4%
18,2026-01-17,Sat,AVS Futebol SAD,Arouca,987,8560,11.5%
18,2026-01-17,Sat,Rio Ave,Benfica,4435,12815,34.6%
18,2026-01-18,Sun,Santa Clara,Famalicao,1525,13277,11.5%
18,2026-01-18,Sun,Tondela,Braga,2476,7500,33.0%
18,2026-01-18,Sun,Vitoria de Guimaraes,FC Porto,28526,30165,94.6%
18,2026-01-19,Mon,Estrela da Amadora,Estoril,2826,9288,30.4%
19,2026-01-23,Fri,Casa Pia AC,AVS Futebol SAD,914,8500,10.8%
19,2026-01-24,Sat,Moreirense,Santa Clara,1290,13000,9.9%
19,2026-01-24,Sat,Arouca,Sporting CP,3142,7000,44.9%
19,2026-01-24,Sat,Estoril,Vitoria de Guimaraes,2176,8015,27.1%
19,2026-01-25,Sun,Nacional,Rio Ave,1877,5200,36.1%
19,2026-01-25,Sun,Benfica,Estrela da Amadora,54548,65647,83.1%
19,2026-01-25,Sun,Famalicao,Tondela,2529,8000,31.6%
19,2026-01-25,Sun,Braga,Alverca,8410,30286,27.8%
19,2026-01-26,Mon,FC Porto,Gil Vicente,34273,50399,68.0%
20,2026-01-30,Fri,Vitoria de Guimaraes,Moreirense,10826,30165,35.9%
20,2026-01-31,Sat,Santa Clara,Estoril,1162,13277,8.8%
20,2026-01-31,Sat,Rio Ave,Arouca,1842,12815,14.4%
20,2026-01-31,Sat,Alverca,Estrela da Amadora,1845,7705,23.9%
20,2026-02-01,Sun,Gil Vicente,Famalicao,5745,12046,47.7%
20,2026-02-01,Sun,Sporting CP,Nacional,39984,52095,76.8%
20,2026-02-01,Sun,Tondela,Benfica,4568,7500,60.9%
20,2026-02-02,Mon,AVS Futebol SAD,Braga,1140,8560,13.3%
20,2026-02-02,Mon,Casa Pia AC,FC Porto,3296,8500,38.8%
21,2026-02-07,Sat,Estrela da Amadora,Santa Clara,1498,9288,16.1%
21,2026-02-07,Sat,Moreirense,Gil Vicente,1729,13000,13.3%
21,2026-02-07,Sat,Estoril,Tondela,2072,8015,25.9%
21,2026-02-07,Sat,Arouca,Vitoria de Guimaraes,1355,7000,19.4%
21,2026-02-08,Sun,Nacional,Casa Pia AC,1881,5200,36.2%
21,2026-02-08,Sun,Braga,Rio Ave,10528,30286,34.8%
21,2026-02-08,Sun,Benfica,Alverca,49311,65647,75.1%
21,2026-02-09,Mon,Famalicao,AVS Futebol SAD,1141,8000,14.3%
21,2026-02-09,Mon,FC Porto,Sporting CP,49378,50399,98.0%
22,2026-02-13,Fri,Santa Clara,Benfica,7184,13277,54.1%
22,2026-02-13,Fri,Tondela,Alverca,1468,7500,19.6%
22,2026-02-14,Sat,Casa Pia AC,Arouca,None,8500,
22,2026-02-14,Sat,Vitoria de Guimaraes,Estrela da Amadora,None,30165,
22,2026-02-14,Sat,Gil Vicente,Braga,None,12046,
22,2026-02-15,Sun,Nacional,FC Porto,None,5200,
22,2026-02-15,Sun,AVS Futebol SAD,Estoril,None,8560,
22,2026-02-15,Sun,Sporting CP,Famalicao,None,52095,
22,2026-02-16,Mon,Rio Ave,Moreirense,None,12815,
23,2026-02-20,Fri,Estrela da Amadora,Tondela,None,9288,
23,2026-02-21,Sat,Alverca,Santa Clara,None,7705,
23,2026-02-21,Sat,Arouca,Nacional,None,7000,
23,2026-02-21,Sat,Benfica,AVS Futebol SAD,None,65647,
23,2026-02-21,Sat,Moreirense,Sporting CP,None,13000,
23,2026-02-21,Sat,Braga,Vitoria de Guimaraes,None,30286,
23,2026-02-22,Sun,Estoril,Gil Vicente,None,8015,
23,2026-02-22,Sun,FC Porto,Rio Ave,None,50399,
23,2026-02-23,Mon,Famalicao,Casa Pia AC,None,8000,
24,2026-02-27,Fri,FC Porto,Arouca,None,50399,
24,2026-02-27,Fri,Sporting CP,Estoril,None,52095,
24,2026-02-28,Sat,AVS Futebol SAD,Estrela da Amadora,None,8560,
24,2026-02-28,Sat,Nacional,Braga,None,5200,
24,2026-02-28,Sat,Vitoria de Guimaraes,Alverca,None,30165,
24,2026-03-01,Sun,Tondela,Santa Clara,None,7500,
24,2026-03-01,Sun,Casa Pia AC,Moreirense,None,8500,
24,2026-03-01,Sun,Rio Ave,Famalicao,None,12815,
24,2026-03-02,Mon,Gil Vicente,Benfica,None,12046,
25,2026-03-08,Sun,Alverca,AVS Futebol SAD,None,,
25,2026-03-08,Sun,Benfica,FC Porto,None,,
25,2026-03-08,Sun,Braga,Sporting CP,None,,
25,2026-03-08,Sun,Estoril,Casa Pia AC,None,,
25,2026-03-08,Sun,Estrela da Amadora,Gil Vicente,None,,
25,2026-03-08,Sun,Famalicao,Arouca,None,,
25,2026-03-08,Sun,Moreirense,Nacional,None,,
25,2026-03-08,Sun,Santa Clara,Vitoria de Guimaraes,None,,
25,2026-03-08,Sun,Tondela,Rio Ave,None,,
26,2026-03-15,Sun,Arouca,Benfica,None,,
26,2026-03-15,Sun,AVS Futebol SAD,Santa Clara,None,,
26,2026-03-15,Sun,Casa Pia AC,Braga,None,,
26,2026-03-15,Sun,FC Porto,Moreirense,None,,
26,2026-03-15,Sun,Gil Vicente,Alverca,None,,
26,2026-03-15,Sun,Nacional,Estoril,None,,
26,2026-03-15,Sun,Rio Ave,Estrela da Amadora,None,,
26,2026-03-15,Sun,Sporting CP,Tondela,None,,
26,2026-03-15,Sun,Vitoria de Guimaraes,Famalicao,None,,
27,2026-03-22,Sun,Alverca,Sporting CP,None,,
27,2026-03-22,Sun,Benfica,Vitoria de Guimaraes,None,,
27,2026-03-22,Sun,Braga,FC Porto,None,,
27,2026-03-22,Sun,Estoril,Rio Ave,None,,
27,2026-03-22,Sun,Estrela da Amadora,Casa Pia AC,None,,
27,2026-03-22,Sun,Famalicao,Nacional,None,,
27,2026-03-22,Sun,Moreirense,Arouca,None,,
27,2026-03-22,Sun,Santa Clara,Gil Vicente,None,,
27,2026-03-22,Sun,Tondela,AVS Futebol SAD,None,,
28,2026-04-04,Sat,Arouca,Estoril,None,,
28,2026-04-04,Sat,Casa Pia AC,Benfica,None,,
28,2026-04-04,Sat,FC Porto,Famalicao,None,,
28,2026-04-04,Sat,Gil Vicente,AVS Futebol SAD,None,,
28,2026-04-04,Sat,Moreirense,Braga,None,,
28,2026-04-04,Sat,Nacional,Estrela da Amadora,None,,
28,2026-04-04,Sat,Rio Ave,Alverca,None,,
28,2026-04-04,Sat,Sporting CP,Santa Clara,None,,
28,2026-04-04,Sat,Vitoria de Guimaraes,Tondela,None,,
29,2026-04-12,Sun,Alverca,Casa Pia AC,None,,
29,2026-04-12,Sun,AVS Futebol SAD,Vitoria de Guimaraes,None,,
29,2026-04-12,Sun,Benfica,Nacional,None,,
29,2026-04-12,Sun,Braga,Arouca,None,,
29,2026-04-12,Sun,Estoril,FC Porto,None,,
29,2026-04-12,Sun,Estrela da Amadora,Sporting CP,None,,
29,2026-04-12,Sun,Famalicao,Moreirense,None,,
29,2026-04-12,Sun,Santa Clara,Rio Ave,None,,
29,2026-04-12,Sun,Tondela,Gil Vicente,None,,
30,2026-04-19,Sun,Arouca,Estrela da Amadora,None,,
30,2026-04-19,Sun,Braga,Famalicao,None,,
30,2026-04-19,Sun,Casa Pia AC,Santa Clara,None,,
30,2026-04-19,Sun,FC Porto,Tondela,None,,
30,2026-04-19,Sun,Gil Vicente,Vitoria de Guimaraes,None,,
30,2026-04-19,Sun,Moreirense,Estoril,None,,
30,2026-04-19,Sun,Nacional,Alverca,None,,
30,2026-04-19,Sun,Rio Ave,AVS Futebol SAD,None,,
30,2026-04-19,Sun,Sporting CP,Benfica,None,,
31,2026-04-26,Sun,Alverca,Arouca,None,,
31,2026-04-26,Sun,AVS Futebol SAD,Sporting CP,None,,
31,2026-04-26,Sun,Benfica,Moreirense,None,,
31,2026-04-26,Sun,Estoril,Famalicao,None,,
31,2026-04-26,Sun,Estrela da Amadora,FC Porto,None,,
31,2026-04-26,Sun,Gil Vicente,Casa Pia AC,None,,
31,2026-04-26,Sun,Santa Clara,Braga,None,,
31,2026-04-26,Sun,Tondela,Nacional,None,,
31,2026-04-26,Sun,Vitoria de Guimaraes,Rio Ave,None,,
32,2026-05-03,Sun,Arouca,Santa Clara,None,,
32,2026-05-03,Sun,Braga,Estoril,None,,
32,2026-05-03,Sun,Casa Pia AC,Tondela,None,,
32,2026-05-03,Sun,Famalicao,Benfica,None,,
32,2026-05-03,Sun,FC Porto,Alverca,None,,
32,2026-05-03,Sun,Moreirense,Estrela da Amadora,None,,
32,2026-05-03,Sun,Nacional,AVS Futebol SAD,None,,
32,2026-05-03,Sun,Rio Ave,Gil Vicente,None,,
32,2026-05-03,Sun,Sporting CP,Vitoria de Guimaraes,None,,
33,2026-05-10,Sun,Alverca,Estoril,None,,
33,2026-05-10,Sun,AVS Futebol SAD,FC Porto,None,,
33,2026-05-10,Sun,Benfica,Braga,None,,
33,2026-05-10,Sun,Estrela da Amadora,Famalicao,None,,
33,2026-05-10,Sun,Gil Vicente,Arouca,None,,
33,2026-05-10,Sun,Rio Ave,Sporting CP,None,,
33,2026-05-10,Sun,Santa Clara,Nacional,None,,
33,2026-05-10,Sun,Tondela,Moreirense,None,,
33,2026-05-10,Sun,Vitoria de Guimaraes,Casa Pia AC,None,,
34,2026-05-17,Sun,Arouca,Tondela,None,,
34,2026-05-17,Sun,Braga,Estrela da Amadora,None,,
34,2026-05-17,Sun,Casa Pia AC,Rio Ave,None,,
34,2026-05-17,Sun,Estoril,Benfica,None,,
34,2026-05-17,Sun,Famalicao,Alverca,None,,
34,2026-05-17,Sun,FC Porto,Santa Clara,None,,
34,2026-05-17,Sun,Moreirense,AVS Futebol SAD,None,,
34,2026-05-17,Sun,Nacional,Vitoria de Guimaraes,None,,
34,2026-05-17,Sun,Sporting CP,Gil Vicente,None,,
